Date,equity,daily_return,gross_return,turnover_cost,turnover,holdings,held_tickers
2026-06-01,973.9336155320042,-0.026066384467995835,-0.025816384467995834,0.00025,5,5,"ACHR,CRML,ONDS,QS,RUN"
2026-06-02,907.1324589590639,-0.06858902445466021,-0.06853902445466022,5e-05,1,6,"ACHR,CRML,FLNC,ONDS,QS,RUN"
2026-06-03,912.2534444692569,0.0056452455863716736,0.005695245586371673,5e-05,1,7,"ACHR,COMP,CRML,FLNC,ONDS,QS,RUN"
2026-06-04,853.6745606036493,-0.06421338743170045,-0.06411338743170045,0.0001,2,9,"ACHR,COMP,CRML,EOSE,FLNC,ONDS,QS,QUBT,RUN"
2026-06-05,840.977119417375,-0.014873866192399733,-0.014873866192399733,0.0,0,9,"ACHR,COMP,CRML,EOSE,FLNC,ONDS,QS,QUBT,RUN"
2026-06-08,791.6861767181624,-0.05861151458360846,-0.058561514583608455,5e-05,1,10,"ACHR,COMP,CRML,EOSE,FLNC,ONDS,QS,QUBT,RUN,UUUU"
2026-06-09,768.6671634258246,-0.029075931813992702,-0.0290259318139927,5e-05,1,11,"ACHR,COMP,CRML,EOSE,FLNC,ONDS,OSCR,QS,QUBT,RUN,UUUU"
2026-06-10,814.1931488458791,0.05922717606038031,0.05922717606038031,0.0,0,11,"ACHR,COMP,CRML,EOSE,FLNC,ONDS,OSCR,QS,QUBT,RUN,UUUU"
2026-06-11,840.3329811588101,0.032105198072452795,0.032105198072452795,0.0,0,11,"ACHR,COMP,CRML,EOSE,FLNC,ONDS,OSCR,QS,QUBT,RUN,UUUU"
2026-06-12,841.369736728537,0.0012337437575008594,0.0012337437575008594,0.0,0,11,"ACHR,COMP,CRML,EOSE,FLNC,ONDS,OSCR,QS,QUBT,RUN,UUUU"
2026-06-15,820.4278943976822,-0.024890177785906638,-0.024740177785906637,0.00015000000000000001,3,10,"ACHR,CRML,EOSE,FLNC,LUMN,ONDS,OSCR,QS,QUBT,UUUU"
2026-06-16,860.7169945646484,0.04910742362867201,0.04910742362867201,0.0,0,10,"ACHR,CRML,EOSE,FLNC,LUMN,ONDS,OSCR,QS,QUBT,UUUU"
2026-06-17,858.1928190450298,-0.002932642826339682,-0.002932642826339682,0.0,0,10,"ACHR,CRML,EOSE,FLNC,LUMN,ONDS,OSCR,QS,QUBT,UUUU"
2026-06-18,808.3996162293685,-0.05802099680939952,-0.05802099680939952,0.0,0,10,"ACHR,CRML,EOSE,FLNC,LUMN,ONDS,OSCR,QS,QUBT,UUUU"
2026-06-22,795.6863215444043,-0.01572649767482936,-0.01567649767482936,5e-05,1,11,"ACHR,CRML,EOSE,FLNC,LUMN,ONDS,OSCR,QS,QUBT,RCAT,UUUU"
2026-06-23,771.8081745737201,-0.0300094978688806,-0.029959497868880598,5e-05,1,12,"ACHR,CRML,EOSE,FLNC,LUMN,LUNR,ONDS,OSCR,QS,QUBT,RCAT,UUUU"
2026-06-24,733.1872221707247,-0.05003957417829407,-0.05003957417829407,0.0,0,12,"ACHR,CRML,EOSE,FLNC,LUMN,LUNR,ONDS,OSCR,QS,QUBT,RCAT,UUUU"
2026-06-25,769.3833938652169,0.04936825220075091,0.04941825220075091,5e-05,1,11,"CRML,EOSE,FLNC,LUMN,LUNR,ONDS,OSCR,QS,QUBT,RCAT,UUUU"
2026-06-26,786.1261593478187,0.021761277428265845,0.021761277428265845,0.0,0,11,"CRML,EOSE,FLNC,LUMN,LUNR,ONDS,OSCR,QS,QUBT,RCAT,UUUU"
2026-06-29,776.54490668126,-0.012187932627133661,-0.012187932627133661,0.0,0,11,"CRML,EOSE,FLNC,LUMN,LUNR,ONDS,OSCR,QS,QUBT,RCAT,UUUU"
2026-06-30,768.718874732652,-0.010078015941221414,-0.010078015941221414,0.0,0,11,"CRML,EOSE,FLNC,LUMN,LUNR,ONDS,OSCR,QS,QUBT,RCAT,UUUU"
2026-07-01,731.1690496011756,-0.04884727872011156,-0.04884727872011156,0.0,0,11,"CRML,EOSE,FLNC,LUMN,LUNR,ONDS,OSCR,QS,QUBT,RCAT,UUUU"
2026-07-02,718.8876153374121,-0.01679698322906666,-0.016746983229066658,5e-05,1,12,"CRML,EOSE,FLNC,LUMN,LUNR,NVTS,ONDS,OSCR,QS,QUBT,RCAT,UUUU"
2026-07-06,671.8365740269815,-0.0654497870134362,-0.06539978701343621,5e-05,1,13,"ACHR,CRML,EOSE,FLNC,LUMN,LUNR,NVTS,ONDS,OSCR,QS,QUBT,RCAT,UUUU"
2026-07-07,685.9608491659826,0.021023379323248853,0.021173379323248854,0.00015000000000000001,3,12,"CRML,FLNC,LUMN,LUNR,NVTS,ONDS,OSCR,QS,QUBT,RCAT,SMR,UUUU"
2026-07-08,700.3077662996827,0.020915067020433647,0.020915067020433647,0.0,0,12,"CRML,FLNC,LUMN,LUNR,NVTS,ONDS,OSCR,QS,QUBT,RCAT,SMR,UUUU"
2026-07-09,663.6839665756455,-0.052296720793989886,-0.052296720793989886,0.0,0,12,"CRML,FLNC,LUMN,LUNR,NVTS,ONDS,OSCR,QS,QUBT,RCAT,SMR,UUUU"
2026-07-10,660.0845168670223,-0.005423439302285654,-0.005373439302285655,5e-05,1,13,"CRML,FLNC,LUMN,LUNR,NVTS,ONDS,OSCR,QS,QUBT,RCAT,RDW,SMR,UUUU"
2026-07-13,657.3351518398315,-0.004165171212074783,-0.004165171212074783,0.0,0,13,"CRML,FLNC,LUMN,LUNR,NVTS,ONDS,OSCR,QS,QUBT,RCAT,RDW,SMR,UUUU"
2026-07-14,626.0864417847006,-0.0475384740458017,-0.0474884740458017,5e-05,1,14,"CRML,FLNC,LUMN,LUNR,NVTS,ONDS,OSCR,QS,QUBT,RCAT,RDW,SMR,SNOW,UUUU"
2026-07-15,580.3253872746948,-0.07309063326712659,-0.07309063326712659,0.0,0,14,"CRML,FLNC,LUMN,LUNR,NVTS,ONDS,OSCR,QS,QUBT,RCAT,RDW,SMR,SNOW,UUUU"
2026-07-16,596.3001643519596,0.027527275951660442,0.027527275951660442,0.0,0,14,"CRML,FLNC,LUMN,LUNR,NVTS,ONDS,OSCR,QS,QUBT,RCAT,RDW,SMR,SNOW,UUUU"
2026-07-17,613.8336730297012,0.029403830027108304,0.029403830027108304,0.0,0,14,"CRML,FLNC,LUMN,LUNR,NVTS,ONDS,OSCR,QS,QUBT,RCAT,RDW,SMR,SNOW,UUUU"
2026-07-20,637.1482295851507,0.03798187942407226,0.03808187942407226,0.0001,2,12,"CRML,FLNC,LUNR,NVTS,ONDS,OSCR,QS,QUBT,RCAT,RDW,SMR,UUUU"
2026-07-21,609.7926285476249,-0.04293443780788205,-0.04288443780788205,5e-05,1,13,"ACHR,CRML,FLNC,LUNR,NVTS,ONDS,OSCR,QS,QUBT,RCAT,RDW,SMR,UUUU"
2026-07-22,609.2642660685002,-0.0008664625552840125,-0.0008164625552840125,5e-05,1,12,"ACHR,CRML,FLNC,LUNR,NVTS,ONDS,OSCR,QS,QUBT,RCAT,RDW,UUUU"
2026-07-23,587.7298564129918,-0.03534494119352674,-0.03534494119352674,0.0,0,12,"ACHR,CRML,FLNC,LUNR,NVTS,ONDS,OSCR,QS,QUBT,RCAT,RDW,UUUU"
2026-07-24,571.627439836868,-0.027397649447995265,-0.027297649447995266,0.0001,2,10,"CRML,FLNC,LUNR,NVTS,ONDS,OSCR,QUBT,RCAT,RDW,UUUU"
2026-07-27,572.7339347976432,0.0019356925221976626,0.0019856925221976626,5e-05,1,11,"CRML,FLNC,LUNR,NVTS,ONDS,OSCR,QS,QUBT,RCAT,RDW,UUUU"
2026-07-28,554.9209580275867,-0.031101661151525985,-0.031101661151525985,0.0,0,11,"CRML,FLNC,LUNR,NVTS,ONDS,OSCR,QS,QUBT,RCAT,RDW,UUUU"
2026-07-29,605.6392412270067,0.09139731067230411,0.09164731067230411,0.00025,5,10,"CRML,FLNC,LUNR,NVTS,OKLO,OSCR,QUBT,RCAT,RDW,UUUU"
2026-07-30,575.620960343703,-0.04956462335975372,-0.049414623359753725,0.00015000000000000001,3,11,"CRML,FLNC,LUNR,NVTS,OKLO,OSCR,QS,QUBT,RCAT,RDW,UUUU"
2026-07-31,647.8506978095875,0.1254814234400988,0.1254814234400988,0.0,0,11,"CRML,FLNC,LUNR,NVTS,OKLO,OSCR,QS,QUBT,RCAT,RDW,UUUU"
2026-08-03,659.5364434709713,0.0180377140919873,0.0182377140919873,0.0002,4,11,"CRML,FLNC,JOBY,LUNR,NVTS,ONDS,OSCR,QS,RCAT,RDW,UUUU"
2026-08-04,639.4152000954826,-0.03050816004889085,-0.030458160048890848,5e-05,1,10,"CRML,FLNC,JOBY,LUNR,NVTS,ONDS,OSCR,QS,RCAT,RDW"
2026-08-05,667.9953485673279,0.04469732416054161,0.04474732416054161,5e-05,1,11,"CRML,FLNC,JOBY,LUNR,NVTS,ONDS,OSCR,QS,QUBT,RCAT,RDW"
2026-08-06,708.6567428464241,0.060870774573960625,0.060920774573960626,5e-05,1,10,"CRML,FLNC,JOBY,LUNR,NVTS,ONDS,QS,QUBT,RCAT,RDW"
2026-08-07,700.6310711313567,-0.011325189234538402,-0.011225189234538403,0.0001,2,10,"ACHR,CRML,FLNC,JOBY,NVTS,ONDS,QS,QUBT,RCAT,RDW"
2026-08-10,727.2322897472809,0.037967512021654014,0.038017512021654015,5e-05,1,11,"ACHR,CRML,FLNC,JOBY,MARA,NVTS,ONDS,QS,QUBT,RCAT,RDW"
2026-08-11,684.0395226536366,-0.059393357119297024,-0.059393357119297024,0.0,0,11,"ACHR,CRML,FLNC,JOBY,MARA,NVTS,ONDS,QS,QUBT,RCAT,RDW"
2026-08-12,701.8999880554834,0.02611028282775182,0.02621028282775182,0.0001,2,11,"ACHR,CRML,FLNC,JOBY,MARA,MNST,NVTS,ONDS,QS,QUBT,RCAT"
2026-08-13,696.5944200347956,-0.00755886609342472,-0.00755886609342472,0.0,0,11,"ACHR,CRML,FLNC,JOBY,MARA,MNST,NVTS,ONDS,QS,QUBT,RCAT"
2026-08-14,663.7828538514901,-0.04710282660843954,-0.04710282660843954,0.0,0,11,"ACHR,CRML,FLNC,JOBY,MARA,MNST,NVTS,ONDS,QS,QUBT,RCAT"
2026-08-17,666.0177534732467,0.003366913756191442,0.003416913756191442,5e-05,1,10,"ACHR,CRML,FLNC,JOBY,MARA,MNST,ONDS,QS,QUBT,RCAT"
2026-08-18,670.6344263751056,0.006931756515172726,0.007031756515172727,0.0001,2,10,"ACHR,CRML,FLNC,JOBY,MARA,MNST,ONDS,QS,QUBT,RDW"
2026-08-19,669.09736756969,-0.002291947363519156,-0.002241947363519156,5e-05,1,11,"ACHR,CRML,FLNC,JOBY,MARA,MNST,ONDS,QS,QUBT,RCAT,RDW"
2026-08-20,678.8001001000026,0.014501226578659316,0.014551226578659315,5e-05,1,10,"ACHR,CRML,FLNC,JOBY,MNST,ONDS,QS,QUBT,RCAT,RDW"
2026-08-21,673.4171861867577,-0.00793004289842012,-0.00793004289842012,0.0,0,10,"ACHR,CRML,FLNC,JOBY,MNST,ONDS,QS,QUBT,RCAT,RDW"
2026-08-24,677.702975167169,0.006364240575266123,0.006414240575266123,5e-05,1,11,"ACHR,CRML,FLNC,JOBY,LUMN,MNST,ONDS,QS,QUBT,RCAT,RDW"
2026-08-25,685.0933144621954,0.010904982810800495,0.010904982810800495,0.0,0,11,"ACHR,CRML,FLNC,JOBY,LUMN,MNST,ONDS,QS,QUBT,RCAT,RDW"
2026-08-26,682.2673685901555,-0.00412490650891606,-0.00412490650891606,0.0,0,11,"ACHR,CRML,FLNC,JOBY,LUMN,MNST,ONDS,QS,QUBT,RCAT,RDW"
2026-08-27,649.5133064429807,-0.04800766335177091,-0.04800766335177091,0.0,0,11,"ACHR,CRML,FLNC,JOBY,LUMN,MNST,ONDS,QS,QUBT,RCAT,RDW"
