Date,ticker,action,pred,score,rolling_vol,rolling_beta,target_weight,opposite_signal,weak_long,weak_short,too_old
2025-09-02,NVDA,BUY,0.28892015622118555,0.9894736842105263,0.25897955248535487,1.9011361590954807,0.03333333333333333,,,,
2025-09-03,WMT,BUY,0.20711564851482694,0.9940789473684211,0.18613581320688344,0.6142967245282616,0.03333333333333333,,,,
2025-09-03,EVRG,BUY,0.12056791449733835,0.9842105263157894,0.15515177430503202,0.18881654899077185,0.03333333333333333,,,,
2025-09-03,AEP,BUY,0.11823803054171983,0.9835526315789473,0.15273975652645522,0.01913549987180302,0.03333333333333333,,,,
2025-09-04,DTE,BUY,0.11151211469624517,0.9789473684210526,0.14504100219844965,0.23517800681864867,0.03333333333333333,,,,
2025-09-04,PPL,BUY,0.09780454853960323,0.9750000000000001,0.1544282232312572,0.1871017705577015,0.03333333333333333,,,,
2025-09-05,WMT,EXIT,,,,,,False,True,False,False
2025-09-05,WEC,BUY,0.14078657586283944,0.9842105263157894,0.14065224116036332,0.11965825693942118,0.03333333333333333,,,,
2025-09-05,CMS,BUY,0.16563232616180346,0.9828947368421053,0.13841795470301188,0.09797445529212498,0.03333333333333333,,,,
2025-09-05,AEE,BUY,0.13633433033159467,0.9776315789473684,0.13493368812969658,0.22496072313319462,0.03333333333333333,,,,
2025-09-08,PPL,EXIT,,,,,,False,True,False,False
2025-09-08,ATO,BUY,0.20851402906658362,0.9862023653088042,0.14943708035163947,0.21618832778865057,0.03333333333333333,,,,
2025-09-08,ROL,BUY,0.18008878908068843,0.9756898817345598,0.17181785366555938,0.3288994882998244,0.03333333333333333,,,,
2025-09-08,MS,BUY,0.17224025375743507,0.9730617608409987,0.17154897503087463,1.3394148046915029,0.03333333333333333,,,,
2025-09-09,ROL,EXIT,,,,,,False,True,False,False
2025-09-09,MS,EXIT,,,,,,False,True,False,False
2025-09-10,VICI,BUY,0.27814350953418676,0.9678055190538765,0.1626454352509523,0.3726825108971476,0.03333333333333333,,,,
2025-09-11,SO,BUY,0.4179694534110533,0.9894875164257555,0.11920887391772232,0.044422807499342805,0.03333333333333333,,,,
2025-09-11,ARCC,BUY,0.4241091958313755,0.9802890932982917,0.10658604525076078,0.7964455992541268,0.03333333333333333,,,,
2025-09-11,CL,BUY,0.320507953065235,0.9750328515111695,0.17468599914087024,0.07147756720191904,0.03333333333333333,,,,
2025-09-11,GLD,BUY,0.30651877217720275,0.9684625492772667,0.1405078500237498,0.018758951977417254,0.03333333333333333,,,,
2025-09-15,GLD,EXIT,,,,,,False,True,False,False
2025-09-15,HDB,BUY,0.3050886003147057,0.9612352168199738,0.16779825518624422,0.3313129033713051,0.03333333333333333,,,,
2025-09-16,WDC,BUY,0.5027900906642854,0.9763469119579501,0.33263155232072084,1.5793082036265724,0.030228910300429627,,,,
2025-09-17,SLAB,BUY,0.31532384472961283,0.9770039421813403,0.3865289618139918,1.8294432693252374,0.0259088225436635,,,,
2025-09-17,PPL,BUY,0.29555036061464157,0.9625492772667543,0.15460848946516223,0.1954744711533598,0.03333333333333333,,,,
2025-09-18,WEC,EXIT,,,,,,False,True,False,False
2025-09-18,ATO,EXIT,,,,,,False,True,False,False
2025-09-18,ARCC,EXIT,,,,,,False,True,False,False
2025-09-19,AEE,EXIT,,,,,,False,True,False,False
2025-09-19,SO,EXIT,,,,,,False,True,False,False
2025-09-19,HDB,EXIT,,,,,,False,True,False,False
2025-09-19,SLAB,EXIT,,,,,,False,True,False,False
2025-09-22,NVDA,EXIT,,,,,,False,True,False,False
2025-09-22,CMS,EXIT,,,,,,False,True,False,False
2025-09-22,VICI,EXIT,,,,,,False,True,False,False
2025-09-22,WDC,EXIT,,,,,,False,True,False,False
2025-09-22,PPL,EXIT,,,,,,False,True,False,False
2025-09-22,AEE,BUY,0.07429208857070056,0.985545335085414,0.13510678870116144,0.23076953959372704,0.03333333333333333,,,,
2025-09-22,VZ,BUY,0.17838407510914717,0.9848883048620236,0.16274230749182705,0.07621819704484449,0.03333333333333333,,,,
2025-09-22,ATO,BUY,0.05799791423675349,0.9829172141918529,0.1553024584303296,0.2110410127711774,0.03333333333333333,,,,
2025-09-22,FE,BUY,0.06126739333116719,0.980946123521682,0.1216321681042164,0.12664920073355207,0.03333333333333333,,,,
2025-09-22,LNT,BUY,0.03923389827882544,0.9796320630749015,0.15124009572905248,0.22317340813067357,0.03333333333333333,,,,
2025-09-23,AEE,EXIT,,,,,,False,True,False,False
2025-09-23,FE,EXIT,,,,,,False,True,False,False
2025-09-23,CMS,BUY,0.14897408884766056,0.9888304862023654,0.13913345489486562,0.10024290856745957,0.03333333333333333,,,,
2025-09-23,WDC,BUY,0.06628775894710108,0.9730617608409987,0.3520109989732516,1.5882966869150337,0.028456951429027707,,,,
2025-09-24,LNT,EXIT,,,,,,False,True,False,False
2025-09-24,NFLX,BUY,0.14528586424864331,0.9908015768725361,0.26242171477080833,0.8886132009081069,0.03333333333333333,,,,
2025-09-25,CL,EXIT,,,,,,False,True,False,False
2025-09-25,EXC,BUY,0.18463506721244435,0.9776609724047307,0.14502370486195343,-0.0011824216778356896,0.03333333333333333,,,,
2025-09-25,META,BUY,0.1453375789759172,0.9651773981603153,0.312899184627604,1.3655959862035907,0.03186478828384751,,,,
2025-09-26,ATO,EXIT,,,,,,False,True,False,False
2025-09-26,EXC,EXIT,,,,,,False,True,False,False
2025-09-26,SLAB,BUY,0.11199200161666735,0.9763469119579501,0.39397603333168674,1.8257395966280148,0.025310340388010628,,,,
2025-09-26,PFE,BUY,0.24091337356055034,0.9684625492772667,0.2438927133044511,0.4248536684346822,0.03333333333333333,,,,
2025-09-29,FE,BUY,0.2871812723479333,0.9763469119579501,0.1277367976179915,0.13205585709080467,0.03333333333333333,,,,
2025-09-29,VICI,BUY,0.2628164420861241,0.9684625492772667,0.15903383563418216,0.37539638185031515,0.03333333333333333,,,,
2025-09-29,ALGM,BUY,0.24774266375742232,0.9632063074901446,0.3637502240211141,1.9065864879537793,0.027419974101751565,,,,
2025-09-30,WDC,EXIT,,,,,,False,True,False,False
2025-09-30,PFE,EXIT,,,,,,False,True,False,False
2025-09-30,TSN,BUY,0.3807680978395367,0.9960578186596584,0.19882767238188384,0.2554902223013553,0.03333333333333333,,,,
2025-09-30,CL,BUY,0.2647070324978573,0.9848883048620236,0.16794270722532323,0.0761848321609685,0.03333333333333333,,,,
2025-09-30,HDB,BUY,0.23327369883246368,0.9842312746386335,0.162399353868767,0.3202592645476074,0.03333333333333333,,,,
2025-09-30,SHEL,BUY,0.20699858527228523,0.9763469119579501,0.15107786567125464,0.5485676602850799,0.03333333333333333,,,,
2025-09-30,PNW,BUY,0.14264940028580506,0.9691195795006571,0.15636538115122545,0.24291132504566557,0.03333333333333333,,,,
2025-09-30,PEP,BUY,0.17930985820547088,0.9684625492772667,0.24507133438999973,0.21015768646529862,0.03333333333333333,,,,
2025-09-30,SUI,BUY,0.16866999788406914,0.9658344283837057,0.21366320784178702,0.41642558872965757,0.03333333333333333,,,,
2025-10-01,SO,BUY,0.4261426797167788,0.9901445466491459,0.11709441516710654,0.04630020927981029,0.03333333333333333,,,,
2025-10-01,KMB,BUY,0.32080421793851643,0.9612352168199737,0.1854004258784746,0.08890888333567441,0.03333333333333333,,,,
2025-10-02,HRL,BUY,0.40431477119104836,0.9724047306176085,0.32303370407924725,0.1034294180018809,0.031024983310999562,,,,
2025-10-02,ATO,BUY,0.35873286797084886,0.9671484888304862,0.14673671016610182,0.21113121171866686,0.03333333333333333,,,,
2025-10-02,DUK,BUY,0.3354102318916104,0.9651773981603153,0.12782400550346304,-0.0014870024661373523,0.03333333333333333,,,,
2025-10-06,NFLX,EXIT,,,,,,False,True,False,False
2025-10-06,META,EXIT,,,,,,False,True,False,False
2025-10-06,SLAB,EXIT,,,,,,False,True,False,False
2025-10-06,DGX,BUY,0.334725677654998,0.9862023653088042,0.24641269472121385,0.2733496053037731,0.03333333333333333,,,,
2025-10-06,CAG,BUY,0.39271404901783935,0.9842312746386335,0.2592615990736933,0.1278817087892437,0.03333333333333333,,,,
2025-10-06,MO,BUY,0.30856884788246464,0.9783180026281209,0.17346195856204824,-0.023100288397575226,0.03333333333333333,,,,
2025-10-06,KDP,BUY,0.3051040894290423,0.9750328515111695,0.3390727606761443,0.2031544701371187,0.02961118864739221,,,,
2025-10-06,CCI,BUY,0.29973073711639464,0.9724047306176085,0.21573642627730344,0.07975760402811086,0.03333333333333333,,,,
2025-10-06,OTIS,BUY,0.32558492716472265,0.9704336399474376,0.2977111141265195,0.44390890694901125,0.03333333333333333,,,,
2025-10-07,SHEL,EXIT,,,,,,False,True,False,False
2025-10-07,DUK,EXIT,,,,,,False,True,False,False
2025-10-07,ICE,BUY,0.2199428571020975,0.9651773981603153,0.15279068628073478,0.4624737446201167,0.03333333333333333,,,,
2025-10-08,RELX,BUY,0.2904474215362606,0.9776609724047306,0.20717736069905976,0.48354978260185805,0.03333333333333333,,,,
2025-10-08,ACI,BUY,0.26712895291764027,0.9658344283837057,0.224033387436121,0.07241234496897708,0.03333333333333333,,,,
2025-10-09,ALGM,EXIT,,,,,,False,True,False,False
2025-10-09,SJM,BUY,0.2634616912926308,0.9717477003942181,0.26829573631967885,0.283429064861862,0.03333333333333333,,,,
2025-10-10,SLAB,BUY,0.7942383774878552,0.9927726675427069,0.3586436251368032,1.822856099288239,0.014047481564020919,,,,
2025-10-10,CG,BUY,0.7677350530934111,0.9862023653088041,0.31798120255520756,1.7461199674713141,0.01584382872848647,,,,
2025-10-10,SYF,BUY,0.7658231064917931,0.9848883048620236,0.2357274361863923,1.6471912962177377,0.016666666666666666,,,,
2025-10-10,OTIS,REPLACE_EXIT,,,,,,,,,
2025-10-10,EVR,BUY,0.7261918324564097,0.9756898817345598,0.2713074522599265,1.8457792171069747,0.016666666666666666,,,,
2025-10-10,ICE,REPLACE_EXIT,,,,,,,,,
2025-10-10,META,BUY,0.7244345062178333,0.9743758212877792,0.31480503235461416,1.3629323946996679,0.016003682261621983,,,,
2025-10-10,ATO,REPLACE_EXIT,,,,,,,,,
2025-10-10,ZBRA,BUY,0.7170621035122431,0.973718791064389,0.37822688628781964,1.5969458235643292,0.013320152254668304,,,,
2025-10-13,MO,REPLACE_EXIT,,,,,,,,,
2025-10-13,CCL,BUY,0.7994470837959793,0.9947437582128777,0.29734702507703037,1.7465408084360794,0.03333333333333333,,,,
2025-10-13,SJM,REPLACE_EXIT,,,,,,,,,
2025-10-13,LFUS,BUY,0.7934372792617994,0.9862023653088042,0.3281207106414735,1.4616836377415714,0.03118650698048036,,,,
2025-10-13,CCI,REPLACE_EXIT,,,,,,,,,
2025-10-13,RCL,BUY,0.7645411677600138,0.9862023653088042,0.29808707748964064,1.5663043380279,0.03333333333333333,,,,
2025-10-13,ZBRA,REPLACE_EXIT,,,,,,,,,
2025-10-13,ARES,BUY,0.7592522795576708,0.9848883048620236,0.30725016800505534,1.63391904972763,0.03330490882820973,,,,
2025-10-13,SUI,REPLACE_EXIT,,,,,,,,,
2025-10-13,FLS,BUY,0.7583519501668197,0.9835742444152431,0.24312255114575576,1.5114476864088828,0.03333333333333333,,,,
2025-10-13,KMB,REPLACE_EXIT,,,,,,,,,
2025-10-13,TEX,BUY,0.7365894272473177,0.9776609724047306,0.3679806659476178,1.5065069891049372,0.027808360003123516,,,,
2025-10-14,VZ,EXIT,,,,,,True,False,False,False
2025-10-14,SO,EXIT,,,,,,True,True,False,False
2025-10-14,ZBRA,BUY,0.8125496389093422,0.9888304862023654,0.4091660175295964,1.6199437318838643,0.02505861824571147,,,,
2025-10-14,NVDA,BUY,0.7955260026163775,0.9868593955321945,0.28920282672189557,1.847276822436341,0.03333333333333333,,,,
2025-10-15,PEP,EXIT,,,,,,True,True,False,False
2025-10-15,DGX,EXIT,,,,,,True,True,False,False
2025-10-15,AMZN,BUY,0.7081121927220102,0.9645203679369251,0.3015631469278714,1.323343234354598,0.03333333333333333,,,,
2025-10-15,NFLX,BUY,0.7011693942976198,0.9632063074901446,0.2513061734911497,0.856486743699779,0.03333333333333333,,,,
2025-10-16,NFLX,REPLACE_EXIT,,,,,,,,,
2025-10-16,HPE,BUY,1.0242357794047958,0.9875164257555847,0.29695240499530695,1.592234771522108,0.016666666666666666,,,,
2025-10-16,ARES,REPLACE_EXIT,,,,,,,,,
2025-10-16,DIS,BUY,0.9626481051739852,0.9678055190538766,0.16472232761859332,0.9853582434069077,0.016666666666666666,,,,
2025-10-17,AMZN,REPLACE_EXIT,,,,,,,,,
2025-10-17,ARES,BUY,0.8623353336607322,0.9888304862023654,0.332799339907907,1.635671855990105,0.031271046472488434,,,,
2025-10-17,EVR,REPLACE_EXIT,,,,,,,,,
2025-10-17,EMR,BUY,0.801903172500224,0.9743758212877792,0.2507428878634567,1.2699710379135691,0.03333333333333333,,,,
2025-10-17,DIS,REPLACE_EXIT,,,,,,,,,
2025-10-17,AMZN,BUY,0.8074174543833694,0.971090670170828,0.3009455993955227,1.3245460174316819,0.03333333333333333,,,,
2025-10-20,EVRG,EXIT,,,,,,False,True,False,False
2025-10-20,CMS,EXIT,,,,,,False,True,False,False
2025-10-20,APO,BUY,0.4567017063760681,0.9796320630749014,0.31544041850423093,1.7254221473085662,0.03289966010486288,,,,
2025-10-20,CTAS,BUY,0.4458865381895909,0.973718791064389,0.17152301529068484,0.6768954734011998,0.03333333333333333,,,,
2025-10-21,FE,EXIT,,,,,,False,True,False,False
2025-10-21,BX,BUY,0.4777984181000408,0.9730617608409987,0.2867782679810693,1.576621081437115,0.03333333333333333,,,,
2025-10-23,META,REPLACE_EXIT,,,,,,,,,
2025-10-23,WBS,BUY,0.6015942499492783,0.9822834645669292,0.3179930880759689,1.464085519293822,0.03222946054631553,,,,
2025-10-24,AMZN,REPLACE_EXIT,,,,,,,,,
2025-10-24,ICE,BUY,0.38519255972651684,0.9809711286089239,0.16538648743078285,0.45626127998377114,0.03333333333333333,,,,
2025-10-24,FLS,REPLACE_EXIT,,,,,,,,,
2025-10-24,HIG,BUY,0.366833846329751,0.9730971128608924,0.18117417331846508,0.5776254773986694,0.03333333333333333,,,,
2025-10-27,CTAS,REPLACE_EXIT,,,,,,,,,
2025-10-27,CPAY,BUY,0.3971974790006091,0.9914698162729658,0.2588611739006647,1.4028483902747706,0.016666666666666666,,,,
2025-10-27,SYF,REPLACE_EXIT,,,,,,,,,
2025-10-27,CTAS,BUY,0.3785934067369458,0.9796587926509186,0.18316883909751042,0.6772708108547575,0.016666666666666666,,,,
2025-10-27,BX,REPLACE_EXIT,,,,,,,,,
2025-10-27,BAM,BUY,0.3404672425028696,0.9776902887139107,0.2808628791319932,1.2573915658470554,0.016666666666666666,,,,
2025-10-27,CCL,REPLACE_EXIT,,,,,,,,,
2025-10-27,PNFP,BUY,0.3525940545918235,0.9770341207349081,0.28786634064698635,1.3248565202081868,0.016666666666666666,,,,
2025-10-28,NVDA,EXIT,,,,,,False,True,False,False
2025-10-28,TPH,BUY,0.3525231030119131,0.9796587926509186,0.31707500424292656,0.5666287965280655,0.016254917903067993,,,,
2025-10-28,APO,REPLACE_EXIT,,,,,,,,,
2025-10-28,AFL,BUY,0.33125994095901506,0.9763779527559056,0.17124122299272682,0.5410764771229667,0.016666666666666666,,,,
2025-10-28,TEX,REPLACE_EXIT,,,,,,,,,
2025-10-28,CCL,BUY,0.3299194653872398,0.9744094488188977,0.30871127680405835,1.7412085392632408,0.016666666666666666,,,,
2025-10-29,AEP,EXIT,,,,,,False,False,False,True
2025-10-29,WMT,BUY,0.6977478978464527,0.9973753280839894,0.21717312400474584,0.6124936321573945,0.016666666666666666,,,,
2025-10-29,EMR,REPLACE_EXIT,,,,,,,,,
2025-10-29,FROG,BUY,0.48228306105029367,0.9770341207349081,0.4629356497323292,1.1910394869510712,0.011112461752129156,,,,
2025-10-29,VICI,REPLACE_EXIT,,,,,,,,,
2025-10-29,EVR,BUY,0.49364441166712403,0.9770341207349081,0.3028734668910925,1.828160360285907,0.016666666666666666,,,,
2025-10-30,DTE,EXIT,,,,,,False,False,False,True
2025-10-30,SYF,BUY,0.5082795505102626,0.973753280839895,0.2677340141592034,1.6417842084300687,0.016666666666666666,,,,
2025-10-31,SYF,REPLACE_EXIT,,,,,,,,,
2025-10-31,DTE,BUY,0.6416677092333807,0.9816272965879265,0.1288364159062156,0.24055845848905189,0.016666666666666666,,,,
2025-11-03,LFUS,REPLACE_EXIT,,,,,,,,,
2025-11-03,EXC,BUY,0.5089436879262519,0.9934383202099738,0.14411816459762475,-0.003354425127384728,0.016666666666666666,,,,
2025-11-03,TPH,REPLACE_EXIT,,,,,,,,,
2025-11-03,ESLT,BUY,0.4433836695488408,0.9875328083989501,0.3424409805831472,0.20705444752035138,0.015188214266919601,,,,
2025-11-03,EVR,REPLACE_EXIT,,,,,,,,,
2025-11-03,TPH,BUY,0.4579055025442866,0.9862204724409449,0.30604886246371976,0.5634984375672863,0.016666666666666666,,,,
2025-11-03,HPE,REPLACE_EXIT,,,,,,,,,
2025-11-03,ED,BUY,0.4347398958127473,0.9849081364829396,0.15242733942806097,-0.10791314232818949,0.016666666666666666,,,,
2025-11-03,PNFP,REPLACE_EXIT,,,,,,,,,
2025-11-03,DUK,BUY,0.45933318807698115,0.9796587926509186,0.13210415631646288,-0.02380387078453359,0.016666666666666666,,,,
2025-11-03,ARES,REPLACE_EXIT,,,,,,,,,
2025-11-03,SO,BUY,0.47546060206137,0.9796587926509186,0.13357712041484493,0.015020138176194936,0.016666666666666666,,,,
2025-11-06,DUK,REPLACE_EXIT,,,,,,,,,
2025-11-06,VICI,BUY,0.6606469965030171,0.9967191601049868,0.13942500947060643,0.3552149248921946,0.016666666666666666,,,,
2025-11-06,CAG,REPLACE_EXIT,,,,,,,,,
2025-11-06,DUK,BUY,0.5801425138422306,0.9849081364829396,0.13054044669682696,-0.01714485455332508,0.016666666666666666,,,,
2025-11-06,RELX,REPLACE_EXIT,,,,,,,,,
2025-11-06,CAG,BUY,0.5732504737635528,0.9829396325459318,0.25118858704767527,0.09178469945096146,0.016666666666666666,,,,
2025-11-06,BAM,REPLACE_EXIT,,,,,,,,,
2025-11-06,NOC,BUY,0.5636677058900821,0.9822834645669292,0.17085088379062416,0.09529527173842423,0.016666666666666666,,,,
2025-11-10,CCL,REPLACE_EXIT,,,,,,,,,
2025-11-10,ROIV,BUY,0.5784516578526906,0.9914698162729658,0.3054336673234228,0.7926936847429448,0.03333333333333333,,,,
2025-11-10,ESLT,REPLACE_EXIT,,,,,,,,,
2025-11-10,LNT,BUY,0.38842435330162156,0.9835958005249343,0.13133201659501823,0.23227251490596434,0.03333333333333333,,,,
2025-11-10,CTAS,REPLACE_EXIT,,,,,,,,,
2025-11-10,BAH,BUY,0.3950630331356426,0.9835958005249343,0.33280695380524444,0.3086173600348057,0.03141971193352215,,,,
2025-11-10,HIG,REPLACE_EXIT,,,,,,,,,
2025-11-10,CCI,BUY,0.41883186542946815,0.9829396325459319,0.18983672832379028,0.07350912653571325,0.03333333333333333,,,,
2025-11-11,TSN,EXIT,,,,,,False,True,False,False
2025-11-11,WBS,EXIT,,,,,,False,True,False,False
2025-11-11,CPAY,EXIT,,,,,,False,True,False,False
2025-11-11,RELX,BUY,0.3598086857983544,0.9934383202099738,0.20940496758888255,0.4778424268581352,0.03333333333333333,,,,
2025-11-11,PPL,BUY,0.31664324529650195,0.9908136482939633,0.1347271214494242,0.19903008768542294,0.03333333333333333,,,,
2025-11-11,HSY,BUY,0.30177876390001046,0.9849081364829396,0.24163520796041432,0.10265433033639089,0.03333333333333333,,,,
2025-11-11,ED,REPLACE_EXIT,,,,,,,,,
2025-11-11,OTIS,BUY,0.27984966972863407,0.9796587926509186,0.1648083856777584,0.4289852342209882,0.03333333333333333,,,,
2025-11-12,WMT,EXIT,,,,,,False,True,False,False
2025-11-12,FROG,EXIT,,,,,,False,True,False,False
2025-11-12,INVH,BUY,0.24514837863308148,0.9842312746386334,0.19101235601912053,0.3970286455943467,0.03333333333333333,,,,
2025-11-12,ESLT,BUY,0.2500903927546741,0.9829172141918529,0.3156609950537579,0.23408128640853806,0.032708806537512194,,,,
2025-11-12,SO,REPLACE_EXIT,,,,,,,,,
2025-11-12,COST,BUY,0.22603493640090452,0.9796320630749014,0.17690157882606986,0.5047140560647497,0.03333333333333333,,,,
2025-11-13,TPH,REPLACE_EXIT,,,,,,,,,
2025-11-13,WMT,BUY,0.6665582409999204,0.9986876640419947,0.19733027794096666,0.617722626533744,0.03333333333333333,,,,
2025-11-13,NOC,REPLACE_EXIT,,,,,,,,,
2025-11-13,TPH,BUY,0.4592485795064809,0.9862204724409449,0.2805955609189629,0.5632408960186847,0.03333333333333333,,,,
2025-11-13,EXC,REPLACE_EXIT,,,,,,,,,
2025-11-13,TSM,BUY,0.4778992059877397,0.9822834645669292,0.3607077687857608,1.447160636848864,0.02866634511572674,,,,
2025-11-14,CCI,REPLACE_EXIT,,,,,,,,,
2025-11-14,NOC,BUY,0.6043767682639803,0.989501312335958,0.17376436385592592,0.0759950231135268,0.03333333333333333,,,,
2025-11-17,DTE,REPLACE_EXIT,,,,,,,,,
2025-11-17,SYF,BUY,0.7763710890156803,0.994750656167979,0.25048983906596184,1.5481077781409271,0.016666666666666666,,,,
2025-11-17,DUK,REPLACE_EXIT,,,,,,,,,
2025-11-17,AMP,BUY,0.7511239137233519,0.9862204724409449,0.21317711558195093,1.1278915154166094,0.016666666666666666,,,,
2025-11-21,CG,REPLACE_EXIT,,,,,,,,,
2025-11-21,NVDA,BUY,0.834002933515368,0.9855643044619422,0.372445903778138,1.8614877112585573,0.014054684927621857,,,,
2025-11-21,TSM,REPLACE_EXIT,,,,,,,,,
2025-11-21,KLAC,BUY,0.8309717691959075,0.984251968503937,0.4134054225461713,1.6470527514062856,0.012662170220083332,,,,
2025-11-21,BAH,REPLACE_EXIT,,,,,,,,,
2025-11-21,TSM,BUY,0.8282951069378411,0.9829396325459319,0.3574120376911517,1.4532949206880768,0.01464586885209627,,,,
2025-11-24,COST,REPLACE_EXIT,,,,,,,,,
2025-11-24,CG,BUY,0.7621084935478792,0.9940944881889764,0.3369804930955551,1.7182204125963596,0.03156378231651376,,,,
2025-11-24,SLAB,REPLACE_EXIT,,,,,,,,,
2025-11-24,EVR,BUY,0.7238898529156891,0.9881889763779528,0.3600368726881277,1.7736803764163467,0.029542471162927384,,,,
2025-11-24,ICE,REPLACE_EXIT,,,,,,,,,
2025-11-24,SLAB,BUY,0.7421164294788806,0.9881889763779528,0.37317021912435255,1.7869885935735785,0.02850275392805442,,,,
2025-11-24,AFL,REPLACE_EXIT,,,,,,,,,
2025-11-24,BLK,BUY,0.7261862986846567,0.9868766404199475,0.21636270353727094,1.0914658075495562,0.03333333333333333,,,,
2025-11-24,RCL,REPLACE_EXIT,,,,,,,,,
2025-11-24,CCL,BUY,0.7334937013772362,0.9849081364829396,0.35949513425643964,1.7551277873490574,0.029586989962963706,,,,
2025-11-25,CL,EXIT,,,,,,False,False,False,True
2025-11-25,HDB,EXIT,,,,,,False,False,False,True
2025-11-25,PNW,EXIT,,,,,,False,False,False,True
2025-11-25,BX,BUY,0.5167726808719344,0.9803149606299213,0.2832422713032004,1.5359622472529457,0.03333333333333333,,,,
2025-11-25,ARES,BUY,0.5172199556883278,0.9757217847769029,0.34530187103696824,1.6391461177594373,0.030999757914794524,,,,
2025-11-25,JEF,BUY,0.5076353125627989,0.9757217847769029,0.47368619290427233,1.7718542129113122,0.022597818070316543,,,,
2025-11-28,HRL,EXIT,,,,,,False,False,False,True
2025-11-28,PPL,EXIT,,,,,,False,True,False,False
2025-11-28,QRVO,BUY,0.5300650926519019,0.9822834645669292,0.3838175840836232,1.8346210989088552,0.028297069631672188,,,,
2025-11-28,OWL,BUY,0.5051784238733035,0.973753280839895,0.43060355572301645,1.710651432545678,0.02522253418097808,,,,
2025-11-28,KLAC,REPLACE_EXIT,,,,,,,,,
2025-11-28,NOW,BUY,0.5862034349344428,0.973753280839895,0.2529049303530183,1.3117897191815742,0.03333333333333333,,,,
2025-12-01,ZBRA,EXIT,,,,,,False,True,False,False
2025-12-01,WMT,EXIT,,,,,,False,True,False,False
2025-12-01,SYF,EXIT,,,,,,False,True,False,False
2025-12-01,AMP,EXIT,,,,,,False,True,False,False
2025-12-01,NVDA,EXIT,,,,,,False,True,False,False
2025-12-01,TSM,EXIT,,,,,,False,True,False,False
2025-12-01,CG,EXIT,,,,,,False,True,False,False
2025-12-01,EVR,EXIT,,,,,,False,True,False,False
2025-12-01,SLAB,EXIT,,,,,,False,True,False,False
2025-12-01,CCL,EXIT,,,,,,False,True,False,False
2025-12-01,BX,EXIT,,,,,,False,True,False,False
2025-12-01,ARES,EXIT,,,,,,False,True,False,False
2025-12-01,JEF,EXIT,,,,,,False,True,False,False
2025-12-01,QRVO,EXIT,,,,,,False,True,False,False
2025-12-01,OWL,EXIT,,,,,,False,True,False,False
2025-12-01,NOW,EXIT,,,,,,False,True,False,False
2025-12-01,PNW,BUY,0.5823516267630289,0.9993438320209973,0.14530479589109466,0.2085206527799643,0.03333333333333333,,,,
2025-12-01,CNP,BUY,0.4214915568415464,0.9954068241469817,0.1373514064705891,0.17711848043402165,0.03333333333333333,,,,
2025-12-01,SO,BUY,0.3485962329081467,0.9862204724409449,0.1350871889694318,0.03974364829371594,0.03333333333333333,,,,
2025-12-01,WEC,BUY,0.3557730846210671,0.984251968503937,0.1388151292724441,0.11171581636832435,0.03333333333333333,,,,
2025-12-01,HDB,BUY,0.329448310164408,0.9796587926509186,0.17354962684698363,0.2718296436322282,0.03333333333333333,,,,
2025-12-01,ATO,BUY,0.3198214918023028,0.979002624671916,0.1364567240070046,0.16960438333191527,0.03333333333333333,,,,
2025-12-01,CCI,BUY,0.31805305895589575,0.9783464566929134,0.20337431227871158,0.1309751602447119,0.03333333333333333,,,,
2025-12-01,PM,BUY,0.32962764786105125,0.9783464566929134,0.2449429159205198,0.10877290000715831,0.03333333333333333,,,,
2025-12-01,WTW,BUY,0.3229901283193065,0.9776902887139107,0.1759369794984617,0.3430000011624456,0.03333333333333333,,,,
2025-12-01,DEO,BUY,0.3281476401269716,0.9770341207349081,0.2831588017930812,0.37487727327750126,0.03333333333333333,,,,
2025-12-01,HRL,BUY,0.3397274252838929,0.9724409448818898,0.251223465929003,0.07839790009601019,0.03333333333333333,,,,
2025-12-02,KDP,EXIT,,,,,,False,False,False,True
2025-12-02,ROIV,EXIT,,,,,,False,True,False,False
2025-12-02,BLK,EXIT,,,,,,False,True,False,False
2025-12-02,CMS,BUY,0.5910779391319059,0.9960629921259843,0.15604012237399945,0.10808874899334978,0.03333333333333333,,,,
2025-12-02,PPL,BUY,0.5143154092243131,0.9934383202099738,0.15296158640222327,0.2099082091863268,0.03333333333333333,,,,
2025-12-02,DTE,BUY,0.590816479263527,0.9875328083989501,0.145239543702492,0.27139277433797127,0.03333333333333333,,,,
2025-12-02,EVRG,BUY,0.4315666829918648,0.9835958005249343,0.14530590843022986,0.20776160431144036,0.03333333333333333,,,,
2025-12-03,SNY,BUY,0.38434756863049874,0.9796587926509186,0.30853992721617673,0.3348319307953949,0.03333333333333333,,,,
2025-12-03,EXC,BUY,0.3421698851655077,0.9796587926509186,0.16327421265731523,0.010239161561315198,0.03333333333333333,,,,
2025-12-03,BAH,BUY,0.42286489966447355,0.9730971128608924,0.3284932184483454,0.31551108776171544,0.033024200999576155,,,,
2025-12-03,TW,BUY,0.3513811398890768,0.9658792650918635,0.24467646894437656,0.42405210687652484,0.03333333333333333,,,,
2025-12-04,ACI,EXIT,,,,,,False,False,False,True
2025-12-04,AEP,BUY,0.32385193697310927,0.9816272965879265,0.19573689141605055,0.06766097880481665,0.03333333333333333,,,,
2025-12-04,TW,REPLACE_EXIT,,,,,,,,,
2025-12-04,AON,BUY,0.3101170402038056,0.9757217847769029,0.1919536050570971,0.3450566469855226,0.03333333333333333,,,,
2025-12-05,SNY,REPLACE_EXIT,,,,,,,,,
2025-12-05,ENB,BUY,0.2978095960116222,0.979002624671916,0.12942461773845415,0.21750504320344305,0.03333333333333333,,,,
2025-12-08,DTE,REPLACE_EXIT,,,,,,,,,
2025-12-08,DUK,BUY,0.4824390161180572,0.9947506561679791,0.14309309219522492,-0.01607678449769227,0.03333333333333333,,,,
2025-12-08,BAH,REPLACE_EXIT,,,,,,,,,
2025-12-08,ACI,BUY,0.43102575494894424,0.9868766404199475,0.3471539179889715,0.04965951739920333,0.031180575144995035,,,,
2025-12-08,AON,REPLACE_EXIT,,,,,,,,,
2025-12-08,AEE,BUY,0.41204215178593684,0.9829396325459318,0.14913391775901744,0.23146640253220815,0.03333333333333333,,,,
2025-12-10,RELX,EXIT,,,,,,False,True,False,False
2025-12-10,KMB,BUY,0.29963365742387693,0.9730971128608924,0.3430326579854817,0.07293212927232934,0.031310832150526845,,,,
2025-12-11,LNT,EXIT,,,,,,False,True,False,False
2025-12-11,CCI,EXIT,,,,,,False,True,False,False
2025-12-11,TW,BUY,0.2700755214422105,0.9724409448818898,0.23786657495906408,0.4291430772037501,0.03333333333333333,,,,
2025-12-11,SUI,BUY,0.26748571711237534,0.9717847769028871,0.1810223544474525,0.4286580159007378,0.03333333333333333,,,,
2025-12-15,SUI,REPLACE_EXIT,,,,,,,,,
2025-12-15,CME,BUY,0.33035383892336945,0.9816272965879265,0.16791890923549035,-0.07938458124172895,0.03333333333333333,,,,
2025-12-15,TW,REPLACE_EXIT,,,,,,,,,
2025-12-15,FE,BUY,0.32002163830919356,0.9770341207349081,0.1451576755001517,0.12439938441962642,0.03333333333333333,,,,
2025-12-16,KMB,REPLACE_EXIT,,,,,,,,,
2025-12-16,KO,BUY,0.31828034799221805,0.9803149606299213,0.16861170148041849,0.05460545935869673,0.03333333333333333,,,,
2025-12-17,PM,REPLACE_EXIT,,,,,,,,,
2025-12-17,DTE,BUY,0.5290807663252239,0.984251968503937,0.1429963815295393,0.27872474108528716,0.03333333333333333,,,,
2025-12-17,EXC,REPLACE_EXIT,,,,,,,,,
2025-12-17,LNT,BUY,0.4231997766258274,0.9796587926509186,0.13642689501794286,0.25297967798855886,0.03333333333333333,,,,
2025-12-18,INVH,EXIT,,,,,,False,True,False,False
2025-12-18,KMB,BUY,0.3449379211937672,0.9770341207349081,0.3400011437199179,0.07540803370798853,0.03180247611978477,,,,
2025-12-19,PPL,REPLACE_EXIT,,,,,,,,,
2025-12-19,TSM,BUY,0.448741137189247,0.9868766404199476,0.36995964774986756,1.4630932858442536,0.029054977730893862,,,,
2025-12-22,TPH,REPLACE_EXIT,,,,,,,,,
2025-12-22,NVDA,BUY,0.5543724891040529,0.9940944881889764,0.3710552070714141,1.8334608047752776,0.029273075541386095,,,,
2025-12-26,ESLT,REPLACE_EXIT,,,,,,,,,
2025-12-26,RVMD,BUY,0.5118757917132449,0.9914698162729658,0.35280258745021426,1.0645581882648185,0.030416495919945837,,,,
2025-12-26,VICI,REPLACE_EXIT,,,,,,,,,
2025-12-26,QRVO,BUY,0.5077367770924719,0.989501312335958,0.35988361765993204,1.8495114127009107,0.029818024314365792,,,,
2025-12-29,ENB,REPLACE_EXIT,,,,,,,,,
2025-12-29,AXP,BUY,0.5171224691687812,0.9776902887139107,0.26650753485023315,1.3130114249778788,0.03333333333333333,,,,
2025-12-30,PNW,REPLACE_EXIT,,,,,,,,,
2025-12-30,PPL,BUY,0.5759141193737419,0.9934383202099737,0.1583107887210419,0.18313494703507285,0.03333333333333333,,,,
2025-12-31,TSM,REPLACE_EXIT,,,,,,,,,
2025-12-31,BK,BUY,0.555893673902083,0.984251968503937,0.1807072998635979,0.8985371750885077,0.03333333333333333,,,,
2025-12-31,AEE,REPLACE_EXIT,,,,,,,,,
2025-12-31,XEL,BUY,0.5381653481041054,0.9796587926509186,0.15059354420564405,0.22292335606429012,0.03333333333333333,,,,
2026-01-02,LNT,REPLACE_EXIT,,,,,,,,,
2026-01-02,ED,BUY,0.7776540591939394,0.9934383202099737,0.16783663101953666,-0.1575431134248749,0.03333333333333333,,,,
2026-01-02,DEO,REPLACE_EXIT,,,,,,,,,
2026-01-02,MO,BUY,0.8088230861383956,0.9927821522309711,0.21349529474651344,-0.01500265780628163,0.03333333333333333,,,,
2026-01-02,KMB,REPLACE_EXIT,,,,,,,,,
2026-01-02,CBOE,BUY,0.7533464509798979,0.9908136482939633,0.19228610567267293,-0.1172935271445723,0.03333333333333333,,,,
2026-01-02,SO,REPLACE_EXIT,,,,,,,,,
2026-01-02,RSG,BUY,0.8041112304248896,0.9888451443569554,0.17408555569940093,0.2576759818241831,0.03333333333333333,,,,
2026-01-02,WTW,REPLACE_EXIT,,,,,,,,,
2026-01-02,GIS,BUY,0.7341376402395032,0.9849081364829396,0.2029782399117443,0.05262655595800711,0.03333333333333333,,,,
2026-01-05,XEL,REPLACE_EXIT,,,,,,,,,
2026-01-05,SO,BUY,0.5376304834593966,0.9809711286089239,0.1561703663009846,0.018618859079514723,0.03333333333333333,,,,
2026-01-06,CAG,EXIT,,,,,,False,False,False,True
2026-01-06,RVMD,EXIT,,,,,,False,True,False,False
2026-01-06,XEL,BUY,0.5759287500904503,0.9803149606299213,0.15129959937992613,0.22072556754098174,0.03333333333333333,,,,
2026-01-06,VICI,BUY,0.5626331814711738,0.9776902887139107,0.15149390429280282,0.33980575673407426,0.03333333333333333,,,,
2026-01-07,ED,REPLACE_EXIT,,,,,,,,,
2026-01-07,PNW,BUY,0.6880749607621434,0.9855643044619422,0.12885125899594807,0.18554028109217072,0.03333333333333333,,,,
2026-01-07,HRL,REPLACE_EXIT,,,,,,,,,
2026-01-07,ED,BUY,0.6711764859039517,0.9796587926509186,0.16955872669129135,-0.16109464971828333,0.03333333333333333,,,,
2026-01-08,DUK,REPLACE_EXIT,,,,,,,,,
2026-01-08,EXC,BUY,0.580059913696277,0.9803149606299213,0.15882508355577038,0.005193242996665096,0.03333333333333333,,,,
2026-01-08,GIS,REPLACE_EXIT,,,,,,,,,
2026-01-08,CL,BUY,0.5502689065879875,0.9803149606299213,0.1928452491082299,0.035275016099180705,0.03333333333333333,,,,
2026-01-09,HSY,EXIT,,,,,,False,False,False,True
2026-01-09,OTIS,EXIT,,,,,,False,False,False,True
2026-01-09,GIS,BUY,0.5333137265511664,0.9717847769028871,0.21545207790018983,0.0488671943031334,0.03333333333333333,,,,
2026-01-09,HIG,BUY,0.5227572929694115,0.9685039370078741,0.1895010342166236,0.49793100297195175,0.03333333333333333,,,,
2026-01-12,VICI,REPLACE_EXIT,,,,,,,,,
2026-01-12,VZ,BUY,0.5360312691461694,0.9881889763779528,0.18628655460644816,0.09589521831789295,0.03333333333333333,,,,
2026-01-12,CME,REPLACE_EXIT,,,,,,,,,
2026-01-12,DUK,BUY,0.5289572804898912,0.9835958005249343,0.1437401804461145,-0.040423509748934994,0.03333333333333333,,,,
2026-01-12,HIG,REPLACE_EXIT,,,,,,,,,
2026-01-12,SNY,BUY,0.48527494351081635,0.9796587926509186,0.20277635415234882,0.3275755877661689,0.03333333333333333,,,,
2026-01-12,GIS,REPLACE_EXIT,,,,,,,,,
2026-01-12,OTIS,BUY,0.5029737059624324,0.9763779527559056,0.16027415209555218,0.4033035145691585,0.03333333333333333,,,,
2026-01-13,QRVO,EXIT,,,,,,False,True,False,False
2026-01-13,VICI,BUY,0.7246257205127121,0.9829396325459318,0.1487243330034542,0.3316676924650581,0.03333333333333333,,,,
2026-01-13,MO,REPLACE_EXIT,,,,,,,,,
2026-01-13,PEP,BUY,0.7036993900645775,0.9796587926509186,0.16433551097342708,0.14464476169422927,0.03333333333333333,,,,
2026-01-14,NOC,EXIT,,,,,,False,False,False,True
2026-01-20,AXP,EXIT,,,,,,False,True,False,False
2026-01-20,CB,BUY,0.7641541186162462,0.9868766404199475,0.17241852010437694,0.22396744929224197,0.03333333333333333,,,,
2026-01-20,ENB,BUY,0.6564552326507538,0.9776902887139107,0.14990339889531115,0.19195184239017132,0.03333333333333333,,,,
2026-01-20,DTE,REPLACE_EXIT,,,,,,,,,
2026-01-20,WTW,BUY,0.6823967838209288,0.9776902887139107,0.15994895849472657,0.3366319727921385,0.03333333333333333,,,,
2026-01-20,PEP,REPLACE_EXIT,,,,,,,,,
2026-01-20,ABT,BUY,0.6752556228750978,0.9757217847769029,0.17641990579255315,0.2374922849482188,0.03333333333333333,,,,
2026-01-22,ENB,REPLACE_EXIT,,,,,,,,,
2026-01-22,HIG,BUY,0.6157248743243959,0.9691601049868767,0.1716756964228861,0.4873656537552697,0.03333333333333333,,,,
2026-01-26,CBOE,REPLACE_EXIT,,,,,,,,,
2026-01-26,SPG,BUY,0.6918496855831632,0.9658792650918635,0.15418651965778274,0.8641825662772209,0.03333333333333333,,,,
2026-01-27,WTW,REPLACE_EXIT,,,,,,,,,
2026-01-27,AWK,BUY,0.6610713897048077,0.9803149606299213,0.22037573907611263,-0.2481405200860425,0.03333333333333333,,,,
2026-01-27,SPG,REPLACE_EXIT,,,,,,,,,
2026-01-27,GIS,BUY,0.6544102056896117,0.9776902887139107,0.2275971167545534,0.03277360268073178,0.03333333333333333,,,,
2026-01-27,HDB,REPLACE_EXIT,,,,,,,,,
2026-01-27,PEP,BUY,0.6462009654150356,0.9757217847769029,0.16895943110435307,0.12023606877774795,0.03333333333333333,,,,
2026-01-27,HIG,REPLACE_EXIT,,,,,,,,,
2026-01-27,HDB,BUY,0.661676456528851,0.9750656167979003,0.20395643188356613,0.2589426000160178,0.03333333333333333,,,,
2026-01-28,NVDA,EXIT,,,,,,False,True,False,False
2026-01-28,CBOE,BUY,0.7154488708605439,0.9927821522309711,0.186206821513545,-0.1274129460791719,0.03333333333333333,,,,
2026-01-29,CNP,EXIT,,,,,,False,False,False,True
2026-01-29,WEC,EXIT,,,,,,False,False,False,True
2026-01-29,ATO,EXIT,,,,,,False,False,False,True
2026-01-29,WEC,BUY,0.7318493066306864,0.9927821522309712,0.12787981946863414,0.10569714805080896,0.03333333333333333,,,,
2026-01-29,ATO,BUY,0.6628358483985821,0.9855643044619422,0.154661816060809,0.16343135786160282,0.03333333333333333,,,,
2026-01-30,CMS,EXIT,,,,,,False,False,False,True
2026-01-30,EVRG,EXIT,,,,,,False,False,False,True
2026-01-30,CMS,BUY,0.8024978256169799,0.9980314960629921,0.15037852356461884,0.10978500346705769,0.03333333333333333,,,,
2026-01-30,ELS,BUY,0.5643971446526356,0.9816272965879265,0.16900851881548534,0.1811609636274981,0.03333333333333333,,,,
2026-01-30,EVRG,BUY,0.5291281891507074,0.9770341207349081,0.1400749707984467,0.19945099097095315,0.03333333333333333,,,,
2026-01-30,PEP,REPLACE_EXIT,,,,,,,,,
2026-01-30,CNP,BUY,0.5256991962248015,0.9757217847769029,0.14697870021474374,0.1720737393951716,0.03333333333333333,,,,
2026-02-02,BK,EXIT,,,,,,False,True,False,False
2026-02-02,HRL,BUY,0.5017004647274311,0.9868766404199475,0.21963678446471457,0.06863212754985323,0.03333333333333333,,,,
2026-02-02,HDB,REPLACE_EXIT,,,,,,,,,
2026-02-02,CME,BUY,0.42302041633009224,0.9776902887139107,0.18459523092793453,-0.06721856334660559,0.03333333333333333,,,,
2026-02-03,AEP,EXIT,,,,,,False,False,False,True
2026-02-03,AEP,BUY,0.7129022590536931,0.9960629921259843,0.15285208624569438,0.08914387583745953,0.03333333333333333,,,,
2026-02-03,OTIS,REPLACE_EXIT,,,,,,,,,
2026-02-03,VTR,BUY,0.5674195169390772,0.9829396325459318,0.13956074838561439,0.23437985649663107,0.03333333333333333,,,,
2026-02-03,VICI,REPLACE_EXIT,,,,,,,,,
2026-02-03,LNT,BUY,0.5693397715214854,0.979002624671916,0.13320601521089515,0.23018400176972847,0.03333333333333333,,,,
2026-02-04,GIS,REPLACE_EXIT,,,,,,,,,
2026-02-04,DTE,BUY,0.5382010300412111,0.9803149606299213,0.15356916439686155,0.26234893060789427,0.03333333333333333,,,,
2026-02-05,ACI,EXIT,,,,,,False,False,False,True
2026-02-06,VICI,BUY,0.562799270640497,0.9816272965879265,0.15829090974460502,0.3316882539220088,0.03333333333333333,,,,
2026-02-12,FE,EXIT,,,,,,False,False,False,True
2026-02-12,AEE,BUY,0.5671575269538793,0.9770341207349081,0.1421570296838014,0.20652282289696344,0.03333333333333333,,,,
2026-02-13,KO,EXIT,,,,,,False,False,False,True
2026-02-13,ENB,BUY,0.5144226831470656,0.9862204724409449,0.1615092227996734,0.1603027627231617,0.03333333333333333,,,,
2026-02-13,ED,REPLACE_EXIT,,,,,,,,,
2026-02-13,KO,BUY,0.5353454822069794,0.9849081364829396,0.16488812811476683,0.04035387933165593,0.03333333333333333,,,,
2026-02-13,ABT,REPLACE_EXIT,,,,,,,,,
2026-02-13,HDB,BUY,0.549758877590368,0.9809711286089239,0.2259499934401109,0.2557985963164119,0.03333333333333333,,,,
2026-02-17,VTR,REPLACE_EXIT,,,,,,,,,
2026-02-17,FE,BUY,0.5077624869878528,0.9888451443569554,0.15431391701074448,0.11381516611413015,0.03333333333333333,,,,
2026-02-19,SNY,EXIT,,,,,,False,True,False,False
2026-02-23,ED,BUY,0.33748057495017736,0.9809711286089239,0.16955496990427163,-0.19551189642748787,0.03333333333333333,,,,
2026-02-24,RSG,REPLACE_EXIT,,,,,,,,,
2026-02-24,VTR,BUY,0.4313434262836101,0.9803149606299213,0.16895385834474153,0.2234458753241103,0.03333333333333333,,,,
2026-02-27,PPL,EXIT,,,,,,False,False,False,True
2026-03-02,GOOG,BUY,0.5890022521034057,0.973753280839895,0.21819047901886185,0.981085578561805,0.03333333333333333,,,,
2026-03-03,LNT,REPLACE_EXIT,,,,,,,,,
2026-03-03,NVDA,BUY,0.6474223395055227,0.9776902887139107,0.34900476226467314,1.733912774701563,0.016666666666666666,,,,
2026-03-04,SO,EXIT,,,,,,False,False,False,True
2026-03-04,SO,BUY,0.7894308450439754,0.9993438320209973,0.18907904846122045,-0.007995661388438085,0.03333333333333333,,,,
2026-03-04,GOOG,REPLACE_EXIT,,,,,,,,,
2026-03-04,MS,BUY,0.5052167998171391,0.9750656167979003,0.31556980396805884,1.350221192637845,0.03333333333333333,,,,
2026-03-04,AEP,REPLACE_EXIT,,,,,,,,,
2026-03-04,AFL,BUY,0.49968802221653447,0.9750656167979003,0.1737525622786992,0.4460843490365282,0.03333333333333333,,,,
2026-03-05,XEL,EXIT,,,,,,False,False,False,True
2026-03-05,FLEX,BUY,0.7676948139589377,0.9816272965879265,0.4897608852192758,1.6773476443400432,0.012457702794476565,,,,
2026-03-05,VTR,REPLACE_EXIT,,,,,,,,,
2026-03-05,GOOG,BUY,0.6252983728124627,0.9783464566929134,0.21816643753411163,0.974324926138871,0.016666666666666666,,,,
2026-03-05,ELS,REPLACE_EXIT,,,,,,,,,
2026-03-05,PH,BUY,0.602459744313776,0.9763779527559056,0.19732804040507623,1.2618557665580075,0.016666666666666666,,,,
2026-03-06,PNW,EXIT,,,,,,False,False,False,True
2026-03-06,AAPL,BUY,0.674979455289709,0.989501312335958,0.22719764865310707,1.289931316946443,0.016666666666666666,,,,
2026-03-06,MS,REPLACE_EXIT,,,,,,,,,
2026-03-06,META,BUY,0.6545656050230967,0.9888451443569554,0.33862658874471424,1.4202183461762352,0.016666666666666666,,,,
2026-03-06,AFL,REPLACE_EXIT,,,,,,,,,
2026-03-06,BA,BUY,0.6278349319288901,0.979002624671916,0.24421836071530315,1.1939481904469067,0.016666666666666666,,,,
2026-03-09,EXC,EXIT,,,,,,False,False,False,True
2026-03-09,CL,EXIT,,,,,,False,False,False,True
2026-03-09,AEP,BUY,0.5355455978564445,0.9954068241469816,0.1689734288487754,0.07484753635028168,0.016666666666666666,,,,
2026-03-09,ET,BUY,0.5513052529597067,0.9901574803149606,0.15723373079741051,0.7495487857043371,0.016666666666666666,,,,
2026-03-09,FLEX,REPLACE_EXIT,,,,,,,,,
2026-03-09,TSM,BUY,0.45076703626954395,0.979002624671916,0.3600062015761012,1.466082143870314,0.016666666666666666,,,,
2026-03-10,WEC,REPLACE_EXIT,,,,,,,,,
2026-03-10,LNT,BUY,0.5409550043770376,0.9803149606299213,0.1420447525460935,0.2081005016186916,0.016666666666666666,,,,
2026-03-10,GOOG,REPLACE_EXIT,,,,,,,,,
2026-03-10,CTAS,BUY,0.5379409804305367,0.9724409448818898,0.16735188194821304,0.5800595828579796,0.016666666666666666,,,,
2026-03-11,VZ,EXIT,,,,,,False,True,False,True
2026-03-11,DUK,EXIT,,,,,,False,False,False,True
2026-03-11,CB,EXIT,,,,,,False,True,False,False
2026-03-11,HDB,EXIT,,,,,,False,True,False,False
2026-03-11,C,BUY,0.3407221308206277,0.979002624671916,0.35145932541884345,1.2718000977156425,0.016666666666666666,,,,
2026-03-11,WEC,BUY,0.38157339044578775,0.9783464566929134,0.128279010786058,0.09184822734720673,0.016666666666666666,,,,
2026-03-12,CME,EXIT,,,,,,False,True,False,False
2026-03-12,GOOG,BUY,0.4718842645575872,0.9875328083989501,0.21779721391653006,0.9790018372272745,0.016666666666666666,,,,
2026-03-12,NDSN,BUY,0.46067424878885865,0.9829396325459318,0.1968884711768359,1.0797299010975028,0.016666666666666666,,,,
2026-03-12,OTIS,BUY,0.4685405523357502,0.9763779527559056,0.21081414579804034,0.38635730122260437,0.016666666666666666,,,,
2026-03-13,AWK,EXIT,,,,,,False,True,False,False
2026-03-13,NYT,BUY,0.38564861511196685,0.9685039370078741,0.2543147032851521,0.4300730947539123,0.016666666666666666,,,,
2026-03-13,BA,REPLACE_EXIT,,,,,,,,,
2026-03-13,CAT,BUY,0.3990702024062385,0.9671916010498687,0.3796842414646193,1.2074691726938107,0.016448973841801457,,,,
2026-03-16,ET,REPLACE_EXIT,,,,,,,,,
2026-03-16,IVZ,BUY,0.42121615547709446,0.9881889763779528,0.3670703388043944,1.5426305919063126,0.016666666666666666,,,,
2026-03-16,CAT,REPLACE_EXIT,,,,,,,,,
2026-03-16,ADI,BUY,0.4203001078781945,0.9862204724409449,0.2979459667866757,1.5769976069112035,0.016666666666666666,,,,
2026-03-16,NYT,REPLACE_EXIT,,,,,,,,,
2026-03-16,GS,BUY,0.3982820869159591,0.973753280839895,0.33806402501230615,1.3453021192107828,0.016666666666666666,,,,
2026-03-17,CBOE,EXIT,,,,,,False,True,False,False
2026-03-17,ENB,EXIT,,,,,,False,True,False,False
2026-03-17,ED,EXIT,,,,,,False,True,False,False
2026-03-17,MS,BUY,0.4439583830630597,0.9849081364829396,0.3251634514330451,1.3110953213600705,0.016666666666666666,,,,
2026-03-17,HIG,BUY,0.43801341759334533,0.9803149606299213,0.16791209234523363,0.526582293918866,0.016666666666666666,,,,
2026-03-17,EVR,BUY,0.38255878895363377,0.9665354330708662,0.42375246325501237,1.8081894024181269,0.014685181447677925,,,,
2026-03-18,EVR,REPLACE_EXIT,,,,,,,,,
2026-03-18,XEL,BUY,0.42452148377392557,0.9796587926509186,0.16998200069843866,0.17898878824991787,0.016666666666666666,,,,
2026-03-19,VICI,REPLACE_EXIT,,,,,,,,,
2026-03-19,CAT,BUY,0.4209801841320852,0.9803149606299213,0.36138667515103395,1.212137909331599,0.016666666666666666,,,,
2026-03-20,MS,REPLACE_EXIT,,,,,,,,,
2026-03-20,VTR,BUY,0.7524441517842035,0.9927821522309712,0.16757102973217666,0.2125927293459607,0.008333333333333333,,,,
2026-03-20,CTAS,REPLACE_EXIT,,,,,,,,,
2026-03-20,NI,BUY,0.7138307304558549,0.9862204724409449,0.15571873712952364,0.3625591592373232,0.008333333333333333,,,,
2026-03-23,ATO,REPLACE_EXIT,,,,,,,,,
2026-03-23,AFL,BUY,0.5018825531288416,0.984251968503937,0.16857427901236297,0.4392365725129945,0.008333333333333333,,,,
2026-03-24,VTR,REPLACE_EXIT,,,,,,,,,
2026-03-24,ELS,BUY,0.49285372456978777,0.9816272965879265,0.1697615499129701,0.14045870506505054,0.008333333333333333,,,,
2026-03-26,ELS,REPLACE_EXIT,,,,,,,,,
2026-03-26,CMI,BUY,0.8370832882965196,0.9868593955321945,0.3679589617159916,1.2780781688377594,0.008333333333333333,,,,
2026-03-26,CMS,REPLACE_EXIT,,,,,,,,,
2026-03-26,AVGO,BUY,0.8306902452332728,0.9835742444152431,0.36993619522855664,1.7347216457048436,0.008333333333333333,,,,
2026-03-27,CAT,REPLACE_EXIT,,,,,,,,,
2026-03-27,WAB,BUY,0.7598973586887634,0.9822601839684626,0.21037156693732317,1.0475497279633121,0.008333333333333333,,,,
2026-03-30,EVRG,EXIT,,,,,,False,False,False,True
2026-03-30,CNP,EXIT,,,,,,False,False,False,True
2026-03-30,AMAT,BUY,0.6809608019729921,0.9815789473684211,0.5368455975316648,1.7140697354541228,0.005915551273336929,,,,
2026-03-30,CAT,BUY,0.6587969851062843,0.9717105263157895,0.3585344423773309,1.2159572897495212,0.008333333333333333,,,,
2026-03-31,HRL,EXIT,,,,,,False,False,False,True
2026-04-01,DTE,EXIT,,,,,,False,True,False,False
2026-04-01,AEE,EXIT,,,,,,False,True,False,False
2026-04-01,FE,EXIT,,,,,,False,True,False,False
2026-04-01,SO,EXIT,,,,,,False,True,False,False
2026-04-01,AEP,EXIT,,,,,,False,True,False,False
2026-04-01,LNT,EXIT,,,,,,False,True,False,False
2026-04-01,WEC,EXIT,,,,,,False,True,False,False
2026-04-01,OTIS,EXIT,,,,,,False,True,False,False
2026-04-01,XEL,EXIT,,,,,,False,True,False,False
2026-04-01,NI,EXIT,,,,,,False,True,False,False
2026-04-01,AFL,EXIT,,,,,,False,True,False,False
2026-04-01,EVR,BUY,0.33795702157905827,0.9756898817345598,0.44055681176746486,1.767881475722869,0.007376564812243853,,,,
2026-04-02,KO,EXIT,,,,,,False,True,False,False
2026-04-06,DAL,BUY,0.3753697869327072,0.9796320630749014,0.4534567235986365,1.8907111975275113,0.007236460195328652,,,,
2026-04-06,ESI,BUY,0.37762953560706114,0.9704336399474376,0.4940553767041928,1.6381852779421413,0.0066418091682673335,,,,
2026-04-08,HIG,EXIT,,,,,,False,True,False,False
2026-04-08,MS,BUY,0.3530355299136191,0.9822601839684626,0.3327445760310095,1.2178245418446796,0.016666666666666666,,,,
2026-04-08,BCS,BUY,0.33794846111833876,0.9776609724047306,0.345165332567782,1.1425077272542201,0.016666666666666666,,,,
2026-04-13,WAB,EXIT,,,,,,False,True,False,False
2026-04-13,AEO,BUY,0.23585067492149203,0.9816272965879265,0.5128968426603113,1.7290672462952796,0.012762550683552887,,,,
2026-04-14,PH,EXIT,,,,,,False,True,False,False
2026-04-14,NDSN,EXIT,,,,,,False,True,False,False
2026-04-15,AAPL,EXIT,,,,,,False,True,False,False
2026-04-15,META,EXIT,,,,,,False,True,False,False
2026-04-15,ADI,EXIT,,,,,,False,True,False,False
2026-04-15,AVGO,EXIT,,,,,,False,True,False,False
2026-04-16,GOOG,EXIT,,,,,,False,True,False,False
2026-04-16,CAT,EXIT,,,,,,False,True,False,False
2026-04-23,ZIM,BUY,0.4355438310971227,0.9888451443569554,0.6055911460611589,1.2780264591968877,0.021841732354209754,,,,
2026-04-24,BCS,EXIT,,,,,,False,True,False,False
2026-04-27,MS,EXIT,,,,,,False,True,False,False
2026-04-27,GH,BUY,0.2770044680323131,0.9730971128608923,0.5380878738784323,0.8615662661790905,0.025121891263310072,,,,
2026-04-29,NVDA,EXIT,,,,,,False,False,False,True
2026-04-29,IVZ,EXIT,,,,,,False,True,False,False
2026-04-29,ESI,EXIT,,,,,,False,True,False,False
2026-04-30,C,EXIT,,,,,,False,True,False,False
2026-04-30,GS,EXIT,,,,,,False,True,False,False
2026-05-04,B,BUY,0.40529761780113543,0.9849081364829396,0.4617417909079531,0.8070064519277201,0.02981737497363449,,,,
2026-05-05,TSM,EXIT,,,,,,False,False,False,True
2026-05-08,DAL,EXIT,,,,,,False,True,False,False
2026-05-11,CMI,EXIT,,,,,,False,True,False,False
2026-05-11,B,EXIT,,,,,,False,True,False,False
2026-05-13,NYT,BUY,0.3113012347880899,0.9783180026281209,0.31166145197165046,0.34146349493099376,0.03333333333333333,,,,
2026-05-13,PFSI,BUY,0.22642660765251896,0.9599211563731931,0.3079065823849792,0.8935136373005699,0.03333333333333333,,,,
2026-05-14,AMAT,EXIT,,,,,,False,True,False,False
2026-05-14,CCJ,BUY,0.28113437417031023,0.9756578947368422,0.5540298972855792,1.8788914650414863,0.023646761719861964,,,,
2026-05-18,NYT,EXIT,,,,,,False,True,False,False
2026-05-18,COO,BUY,0.2440009836300871,0.9842105263157894,0.2383058618045914,0.8962332088022986,0.03333333333333333,,,,
2026-05-19,NYT,BUY,0.3032884665766863,0.9756578947368422,0.3193768880039163,0.3293445090190906,0.03333333333333333,,,,
2026-05-19,YUMC,BUY,0.33877275212618074,0.9743421052631579,0.24438919100750667,0.5523296001815781,0.03333333333333333,,,,
2026-05-20,MEDP,BUY,0.19671926850374083,0.9605263157894737,0.5554892213676084,1.1568840369658162,0.02287982937989952,,,,
2026-05-21,EVR,EXIT,,,,,,False,True,False,False
2026-05-21,GH,EXIT,,,,,,False,True,False,False
2026-05-21,SO,BUY,0.32668826097693715,0.986842105263158,0.17022242020564454,-0.11760138630141184,0.03333333333333333,,,,
2026-05-26,NYT,EXIT,,,,,,False,True,False,False
2026-05-26,KGC,BUY,0.1338515320429249,0.9723684210526315,0.519921861029972,1.2307750807913989,0.024669330304106445,,,,
2026-05-26,PSLV,BUY,0.13521453679939568,0.9710526315789474,0.5790765060445016,1.3940151851277032,0.022149273866566486,,,,
2026-06-05,COO,EXIT,,,,,,False,True,False,False
2026-06-05,MRNA,BUY,0.5344081243391248,0.9842105263157894,0.5413705290739212,1.7307874300131247,0.011802229528952272,,,,
2026-06-05,NEM,BUY,0.4605096071835883,0.975,0.4865668815138583,1.2490870931530154,0.01313155392833445,,,,
2026-06-09,AEO,EXIT,,,,,,False,False,False,True
2026-06-12,YUMC,EXIT,,,,,,False,True,False,False
2026-06-15,SE,BUY,0.5106330521081215,0.9822134387351779,0.5228867086556237,1.583595474006689,0.02439162838825048,,,,
2026-06-15,BBIO,BUY,0.4937365541584642,0.9782608695652174,0.38864081842162485,1.17821914145797,0.03281708374967158,,,,
2026-06-22,ZIM,EXIT,,,,,,False,False,False,True
2026-06-22,ZIM,BUY,0.45821252971539733,0.9808959156785244,0.3490626583999305,0.9594558462763534,0.03333333333333333,,,,
2026-06-29,SE,EXIT,,,,,,False,True,False,False
2026-07-02,MRNA,EXIT,,,,,,False,True,False,False
2026-07-07,PAAS,BUY,0.39249383628280554,0.9774535809018567,0.5649593727758606,1.765977732795545,0.02318028964014267,,,,
2026-07-07,EQX,BUY,0.3737633019677653,0.9635278514588859,0.5899272165458547,1.608860810713388,0.022199216324578316,,,,
2026-07-08,PFSI,EXIT,,,,,,False,True,False,False
2026-07-08,MEDP,EXIT,,,,,,False,True,False,False
2026-07-08,PFE,BUY,0.29482119706374715,0.9874005305039788,0.20865461437025667,0.2767601313086284,0.03333333333333333,,,,
2026-07-08,PHYS,BUY,0.27100106338017277,0.9714854111405835,0.2434690013736155,0.662983885947816,0.03333333333333333,,,,
2026-07-10,PEP,BUY,0.5062570491865892,0.9775132275132274,0.2336021386428811,-0.1837765688063813,0.03333333333333333,,,,
2026-07-13,UTHR,BUY,0.3920267126119673,0.9980106100795756,0.2202636278523573,0.05403791145984301,0.03333333333333333,,,,
2026-07-13,ENB,BUY,0.26866898492742297,0.9807692307692308,0.20775075573385376,-0.12530015100422348,0.03333333333333333,,,,
2026-07-13,AU,BUY,0.2200124846503045,0.976790450928382,0.5996114527292259,1.889230966616284,0.021845756319469133,,,,
2026-07-13,GLD,BUY,0.2998109398626524,0.96684350132626,0.23766843845157473,0.6482647189144374,0.03333333333333333,,,,
2026-07-14,CCJ,EXIT,,,,,,False,False,False,True
2026-07-14,SHEL,BUY,0.3694800530672365,0.9887267904509284,0.26286173920778766,0.05699328903599832,0.03333333333333333,,,,
2026-07-16,LBRT,BUY,0.22239151178339167,0.960212201591512,0.507967154097443,1.1835236619429923,0.025672949633543628,,,,
2026-07-17,PFE,EXIT,,,,,,False,True,False,False
2026-07-17,SLAB,BUY,0.22977750335037883,0.9675925925925926,0.05166535331257915,0.7952186517334514,0.03333333333333333,,,,
2026-07-20,PEP,EXIT,,,,,,False,True,False,False
2026-07-20,SHEL,EXIT,,,,,,False,True,False,False
2026-07-20,WBS,BUY,0.2613759686151755,0.9872654155495979,0.1287799373033592,0.8739327051116719,0.03333333333333333,,,,
2026-07-21,SO,EXIT,,,,,,False,False,False,True
2026-07-21,PSLV,EXIT,,,,,,False,True,False,False
2026-07-21,NEM,EXIT,,,,,,False,True,False,False
2026-07-21,BBIO,EXIT,,,,,,False,True,False,False
2026-07-21,SO,BUY,0.3341982504710657,0.9986595174262735,0.20467845324105152,-0.2354767671416609,0.03333333333333333,,,,
2026-07-21,XEL,BUY,0.10187411841824925,0.967828418230563,0.22993555564099222,-0.017620264393053125,0.03333333333333333,,,,
2026-07-23,KGC,EXIT,,,,,,False,False,False,True
2026-07-23,WBS,EXIT_MISSING,,,,,,,,,
2026-07-27,LBRT,EXIT,,,,,,False,True,False,False
2026-07-27,TRP,BUY,0.20395588102913592,0.9865410497981157,0.20666328590622507,-0.006881501508792175,0.03333333333333333,,,,
2026-07-27,ET,BUY,0.15874047795357865,0.9764468371467026,0.18660150420616645,-0.051526622879645996,0.03333333333333333,,,,
2026-07-28,SLAB,EXIT,,,,,,False,True,False,False
2026-07-28,XEL,EXIT,,,,,,False,True,False,False
2026-07-30,PPL,BUY,0.23208946193925029,0.9798115746971736,0.21206474684010984,-0.0028611277499703647,0.03333333333333333,,,,
2026-08-03,ENB,EXIT,,,,,,False,True,False,False
2026-08-03,SO,EXIT,,,,,,False,True,False,False
2026-08-03,TRP,EXIT,,,,,,False,True,False,False
2026-08-03,ET,EXIT,,,,,,False,True,False,False
2026-08-03,PPL,EXIT,,,,,,False,True,False,False
2026-08-03,AEO,BUY,0.2032191381597371,0.9636118598382749,0.524184396648744,1.7044537801563322,0.025615435100008462,,,,
2026-08-03,WHR,BUY,0.2018303316174307,0.9609164420485174,0.5703169953226002,1.0563237956334204,0.023543417963895474,,,,
2026-08-04,ZIM,EXIT,,,,,,False,True,False,False
2026-08-04,PAAS,EXIT,,,,,,False,True,False,False
2026-08-04,EQX,EXIT,,,,,,False,True,False,False
2026-08-04,PHYS,EXIT,,,,,,False,True,False,False
2026-08-04,UTHR,EXIT,,,,,,False,True,False,False
2026-08-04,AU,EXIT,,,,,,False,True,False,False
2026-08-04,AEO,EXIT,,,,,,False,True,False,False
2026-08-04,WHR,EXIT,,,,,,False,True,False,False
2026-08-05,GLD,EXIT,,,,,,False,True,False,False
2026-08-07,WFRD,BUY,0.039139545544060864,0.9730820995962315,0.4231020184752085,1.1917451725046542,0.031648055646005466,,,,
2026-08-07,IAG,BUY,0.0201924257450435,0.9703903095558546,0.592832653525474,1.9976567860606786,0.022587076040785685,,,,
2026-08-10,WFRD,EXIT,,,,,,False,True,False,False
2026-08-10,IAG,EXIT,,,,,,False,True,False,False
2026-08-10,EVR,BUY,0.027436776029459806,0.9555256064690028,0.4080487148083541,1.7507179716940566,0.03280167778500617,,,,
2026-08-11,PAAS,BUY,0.21834665161746056,0.9926273458445041,0.5504364273735242,1.8581997836282316,0.02423477800145469,,,,
2026-08-13,EVR,EXIT,,,,,,False,True,False,False
2026-08-14,PAAS,EXIT,,,,,,False,True,False,False
2026-08-18,PSLV,BUY,0.07777676720125373,0.9611260053619303,0.4536787638812503,1.7382317428167517,0.028879176581023843,,,,
2026-08-24,MMYT,BUY,0.054176646194862586,0.9596231493943472,0.5800048973439068,1.2411937849091665,0.02272156004443554,,,,
2026-08-25,PSLV,EXIT,,,,,,False,True,False,False
2026-08-25,MMYT,EXIT,,,,,,False,True,False,False
