Date,ticker,side,entry_date,age,entry_score,score,pred,pred_cat,pred_lgbm,target_weight,regime_exposure,position_risk_scale,rolling_vol,rolling_beta
2026-09-02,BF-B,1,2026-09-02,0,1.0,1.0,0.5239097597104105,0.4031763034119705,0.6446432160088506,0.0333333333333333,1.0,1.0,0.3556117876393059,-0.0118672646768239
2026-09-02,BN,1,2026-09-02,0,0.9760319573901464,0.9760319573901464,0.3692558920047205,0.230071691530602,0.5084400924788389,0.0333333333333333,1.0,1.0,0.2359030040467232,1.4314594814554384
2026-09-02,CSGP,1,2026-09-02,0,0.978029294274301,0.978029294274301,0.32482654210017,0.2427736721607659,0.4068794120395742,0.0260481994954554,1.0,0.7814459848636633,0.4971486120673306,0.2520897374515467
2026-09-02,MLI,1,2026-09-02,0,0.9760319573901464,0.9760319573901464,0.3024805476002625,0.2877368408098801,0.3172242543906449,0.0333333333333333,1.0,1.0,0.3467371561253496,0.5684126647448592
2026-09-02,NE,1,2026-09-02,0,0.9793608521970706,0.9793608521970706,0.3012823979569078,0.2762406823430713,0.3263241135707444,0.0297246694451021,1.0,0.8917400833530633,0.435659217335802,0.3512761508375241
2026-09-02,PLD,1,2026-09-02,0,0.9673768308921438,0.9673768308921438,0.2823206146553049,0.2628242885211712,0.3018169407894385,0.0333333333333333,1.0,1.0,0.2370520664327384,0.4489241244382537
2026-09-02,SFM,1,2026-09-02,0,0.9893475366178428,0.9893475366178428,0.3584908443230761,0.3514630139184219,0.3655186747277302,0.0284555484132363,1.0,0.8536664523970907,0.4550896731266259,0.1044341387427039
2026-09-02,TDY,1,2026-09-02,0,0.9680426098535286,0.9680426098535286,0.2824130863205967,0.2470772478745289,0.3177489247666645,0.0333333333333333,1.0,1.0,0.2500457449247438,1.1021968370728297
2026-09-02,TPL,1,2026-09-02,0,0.9747003994673769,0.9747003994673769,0.2976237305620317,0.2781211769305102,0.3171262841935533,0.0270540646137761,1.0,0.8116219384132857,0.4786647186251059,0.3115386645339016
2026-09-02,YUMC,1,2026-09-02,0,0.9647137150466044,0.9647137150466044,0.2826753423942211,0.2885744383535691,0.2767762464348732,0.0333333333333333,1.0,1.0,0.2550831496910306,0.318829536491632
2026-09-03,BF-B,1,2026-09-02,1,1.0,0.9993324432576768,0.487735649943559,0.3152497352017726,0.6602215646853455,0.0333333333333333,1.0,1.0,0.3629414016398121,-0.0165959855265994
2026-09-03,CSGP,1,2026-09-02,1,0.978029294274301,0.978029294274301,0.1954912081612682,0.1563539510028035,0.2346284653197329,0.0257536865026945,1.0,0.7726105950808371,0.4989187764532523,0.2428242828403583
2026-09-03,CVCO,1,2026-09-03 00:00:00,0,0.972630173564753,0.972630173564753,0.2800967868773962,0.2584491972515948,0.3017443765031977,0.0333333333333333,1.0,1.0,0.3389615036212548,1.225416439586786
2026-09-03,FRPT,1,2026-09-03 00:00:00,0,0.9686248331108144,0.9686248331108144,0.2777584478783264,0.1948733928336598,0.360643502922993,0.0235332930094596,1.0,0.70599879028379,0.5459923417398538,0.4257981007072549
2026-09-03,ITW,1,2026-09-03 00:00:00,0,0.9686248331108144,0.9686248331108144,0.267070479703916,0.2080749921762361,0.3260659672315959,0.0333333333333333,1.0,1.0,0.2269030777639553,0.4989289795002798
2026-09-03,MGM,1,2026-09-03 00:00:00,0,0.9779706275033376,0.9779706275033376,0.2844131603174238,0.2116022784275566,0.3572240422072911,0.0333333333333333,1.0,1.0,0.2189239782209108,0.8101409214210329
2026-09-03,MLI,1,2026-09-02,1,0.9760319573901464,0.9760319573901464,0.2560871786645304,0.1985830814947186,0.3135912758343421,0.0333333333333333,1.0,1.0,0.3482832014876314,0.573277392068034
2026-09-03,NE,1,2026-09-02,1,0.9793608521970706,0.9793608521970706,0.2533654057527839,0.2370177846089859,0.2697130268965818,0.0292251219756,1.0,0.876753659268,0.4396559155445996,0.3563963733092035
2026-09-03,PLD,1,2026-09-02,1,0.9673768308921438,0.9773030707610146,0.2804580721004066,0.2465725891361057,0.3143435550647076,0.0333333333333333,1.0,1.0,0.240298243291965,0.4337018818128683
2026-09-03,PSA,1,2026-09-03 00:00:00,0,0.9766355140186916,0.9766355140186916,0.297684705304453,0.2089491901663017,0.3864202204426042,0.0333333333333333,1.0,1.0,0.2231002290821802,0.3686882151726026
2026-09-03,SFM,1,2026-09-02,1,0.9893475366178428,0.9946595460614152,0.366959668279876,0.3392956185959256,0.3946237179638264,0.0280826722615956,1.0,0.8424801678478697,0.4575418478481696,0.0934915704424559
2026-09-03,TDY,1,2026-09-02,1,0.9680426098535286,0.9826435246995996,0.3060738206392023,0.2120179720254735,0.4001296692529311,0.0333333333333333,1.0,1.0,0.2503955587501972,1.1035714615452576
2026-09-03,TPL,1,2026-09-02,1,0.9747003994673769,0.9747003994673769,0.1957084855142081,0.1822994559542045,0.2091175150742117,0.029416577723274,1.0,0.88249733169822,0.4367944456339345,0.3157686876276213
2026-09-03,YUMC,1,2026-09-02,1,0.9647137150466044,0.97196261682243,0.269808967130162,0.2108553744599096,0.3287625598004144,0.0333333333333333,1.0,1.0,0.2542055067453421,0.3070420783860124
2026-09-04,BF-B,1,2026-09-02,2,1.0,0.9993351063829788,0.4212689664298198,0.3269952594620936,0.515542673397546,0.0333333333333333,1.0,1.0,0.3607231510382285,-0.0020525098844467
2026-09-04,BN,1,2026-09-04 00:00:00,0,0.9667553191489362,0.9667553191489362,0.3279429445468298,0.1755807920848096,0.4803050970088499,0.0333333333333333,1.0,1.0,0.2208126868856051,1.4492040820384335
2026-09-04,CSGP,1,2026-09-02,2,0.978029294274301,0.978029294274301,0.2290147544595868,0.2023780576336287,0.2556514512855449,0.0256876024176441,1.0,0.7706280725293256,0.4994312107607669,0.2516884855561306
2026-09-04,CVCO,1,2026-09-03 00:00:00,1,0.972630173564753,0.972630173564753,0.2421699460379679,0.2400494395748169,0.2442904525011189,0.0333333333333333,1.0,1.0,0.3383816457849203,1.2140290189508098
2026-09-04,EVRG,1,2026-09-04 00:00:00,0,0.9700797872340424,0.9700797872340424,0.2776961966277477,0.1974593042495294,0.3579330890059659,0.0333333333333333,1.0,1.0,0.1682088458387228,-0.0431471083743433
2026-09-04,FRPT,1,2026-09-03 00:00:00,1,0.9686248331108144,0.9686248331108144,0.2781611054264774,0.1740581218677413,0.3822640889852134,0.0234988639511152,1.0,0.7049659185334565,0.5459493873267175,0.4223784858864044
2026-09-04,ITW,1,2026-09-03 00:00:00,1,0.9686248331108144,0.9686248331108144,0.2528167296564921,0.170406996110008,0.3352264632029763,0.0333333333333333,1.0,1.0,0.2274552454786119,0.5033608710109025
2026-09-04,KVUE,1,2026-09-04 00:00:00,0,0.9680851063829788,0.9680851063829788,0.3170926470815863,0.1820724141472492,0.4521128800159233,0.0333333333333333,1.0,1.0,0.2367558265935021,0.1224034631620809
2026-09-04,LNT,1,2026-09-04 00:00:00,0,0.976063829787234,0.976063829787234,0.2805564959046521,0.2225322578286956,0.3385807339806085,0.0333333333333333,1.0,1.0,0.1863860403524693,-0.0935299495657911
2026-09-04,MGM,1,2026-09-03 00:00:00,1,0.9779706275033376,0.9779706275033376,0.232667643479693,0.1827397405093797,0.2825955464500063,0.0333333333333333,1.0,1.0,0.2189265703079687,0.8077786012521221
2026-09-04,MLI,1,2026-09-02,2,0.9760319573901464,0.9760319573901464,0.1823988793863663,0.1658987349719906,0.1988990238007419,0.0333333333333333,1.0,1.0,0.3487320940707996,0.5804050480178812
2026-09-04,NE,1,2026-09-02,2,0.9793608521970706,0.9793608521970706,0.2544751026313958,0.2881186988443838,0.2208315064184078,0.0290039377275678,1.0,0.8701181318270349,0.4423258144286828,0.3452341797535573
2026-09-04,PLD,1,2026-09-02,2,0.9673768308921438,0.9847074468085106,0.297014524143065,0.2554313516939316,0.3385976965921984,0.0333333333333333,1.0,1.0,0.2400640424775576,0.4399918933850971
2026-09-04,PSA,1,2026-09-03 00:00:00,1,0.9766355140186916,0.9827127659574468,0.304172166052674,0.222988126628954,0.385356205476394,0.0333333333333333,1.0,1.0,0.2228484126890527,0.3720644374698404
2026-09-04,SFM,1,2026-09-02,2,0.9893475366178428,0.9946595460614152,0.2375364662502591,0.2734765144900948,0.2015964180104234,0.028094783384125,1.0,0.8428435015237515,0.4566395904029063,0.0970092715283509
2026-09-04,TDY,1,2026-09-02,2,0.9680426098535286,0.9680851063829788,0.2978738288898707,0.1823390734202718,0.4134085843594696,0.0333333333333333,1.0,1.0,0.2504432561103374,1.0964378061784663
2026-09-04,TPL,1,2026-09-02,2,0.9747003994673769,0.9747003994673769,0.2015174227883581,0.211763266562756,0.1912715790139602,0.0293713743290947,1.0,0.8811412298728429,0.4367923078177813,0.3225658722071285
2026-09-04,UTHR,1,2026-09-04 00:00:00,0,0.9587765957446808,0.9587765957446808,0.2600753707527509,0.181532592331317,0.3386181491741848,0.0333333333333333,1.0,1.0,0.22381483214204,0.2585781983439429
2026-09-04,YUMC,1,2026-09-02,2,0.9647137150466044,0.97196261682243,0.223940087367065,0.2181776827604955,0.2297024919736344,0.0333333333333333,1.0,1.0,0.2588247771695862,0.2867255895585839
2026-09-08,BF-B,1,2026-09-02,3,1.0,0.9993351063829788,0.2828135630945321,0.4038293043244962,0.1617978218645678,0.0333333333333333,1.0,1.0,0.3617330245654105,0.006163598912814
2026-09-08,BN,1,2026-09-04 00:00:00,1,0.9667553191489362,0.9667553191489362,0.2627219571923625,0.28330430708745,0.242139607297275,0.0333333333333333,1.0,1.0,0.2201678808199302,1.4443684045756164
2026-09-08,BSY,1,2026-09-08 00:00:00,0,0.9860372340425532,0.9860372340425532,0.3342187135186037,0.3090098434993842,0.3594275835378234,0.0302156319107754,1.0,0.9064689573232634,0.423418543287295,0.4867404375740534
2026-09-08,CCK,1,2026-09-08 00:00:00,0,0.9654255319148936,0.9654255319148936,0.2700073552233216,0.2726689029981939,0.2673458074484494,0.0333333333333333,1.0,1.0,0.2493965529910833,0.4573956662023971
2026-09-08,CSGP,1,2026-09-02,3,0.978029294274301,0.9627659574468086,0.2676673091126553,0.3424577965964642,0.1928768216288465,0.0255134001507536,1.0,0.7654020045226105,0.501456441421733,0.2497976112905199
2026-09-08,CVCO,1,2026-09-03 00:00:00,2,0.972630173564753,0.972630173564753,0.2531257319891583,0.2861846479264024,0.2200668160519142,0.0333333333333333,1.0,1.0,0.3388313444255351,1.195605055933475
2026-09-08,EVRG,1,2026-09-04 00:00:00,1,0.9700797872340424,0.9700797872340424,0.1765000061872473,0.2553549896397699,0.0976450227347248,0.0333333333333333,1.0,1.0,0.16496364297051,-0.0426361865068651
2026-09-08,FRPT,1,2026-09-03 00:00:00,2,0.9686248331108144,0.9686248331108144,0.2939961054119107,0.2543205174167547,0.3336716934070667,0.0234367493827987,1.0,0.703102481483961,0.545888793671858,0.4212595258980041
2026-09-08,ITW,1,2026-09-03 00:00:00,2,0.9686248331108144,0.9686248331108144,0.2180063559219177,0.2020591842464322,0.2339535275974032,0.0333333333333333,1.0,1.0,0.2276653244699202,0.4984100783281881
2026-09-08,KVUE,1,2026-09-04 00:00:00,1,0.9680851063829788,0.9680851063829788,0.3913109210252672,0.2606142234598,0.5220076185907345,0.0333333333333333,1.0,1.0,0.2178181364358528,0.1237562702965741
2026-09-08,LNT,1,2026-09-04 00:00:00,1,0.976063829787234,0.9714095744680852,0.295831074189303,0.2745621162146707,0.3171000321639353,0.0333333333333333,1.0,1.0,0.1812279665018849,-0.0948158269810516
2026-09-08,MGM,1,2026-09-03 00:00:00,2,0.9779706275033376,0.9779706275033376,0.2306966040309177,0.2879305454978518,0.1734626625639836,0.0333333333333333,1.0,1.0,0.2186895552930775,0.8226059833920233
2026-09-08,MLI,1,2026-09-02,3,0.9760319573901464,0.9760319573901464,0.1602462644746171,0.2696909062545695,0.0508016226946646,0.0333333333333333,1.0,1.0,0.3500325855214058,0.5668559364820914
2026-09-08,MMYT,1,2026-09-08 00:00:00,0,0.992686170212766,0.992686170212766,0.413199524012539,0.3246619909008415,0.5017370571242364,0.0228526979836277,1.0,0.6855809395088316,0.5598401929317715,1.216504040591331
2026-09-08,NE,1,2026-09-02,3,0.9793608521970706,0.9793608521970706,0.2447189062778914,0.3682091432393561,0.1212286693164267,0.0290154425387047,1.0,0.8704632761611417,0.4409327492110267,0.3373912973840869
2026-09-08,PLD,1,2026-09-02,3,0.9673768308921438,0.9847074468085106,0.209683861029402,0.2882575526332216,0.1311101694255824,0.0333333333333333,1.0,1.0,0.2401823067074649,0.4368444675462348
2026-09-08,PSA,1,2026-09-03 00:00:00,2,0.9766355140186916,0.9827127659574468,0.236447993841979,0.2335625264465693,0.2393334612373887,0.0333333333333333,1.0,1.0,0.2233219567628469,0.3759031344449927
2026-09-08,SFM,1,2026-09-02,3,0.9893475366178428,0.9900265957446808,0.3308477984875595,0.3610746687680968,0.3006209282070223,0.0280999939046212,1.0,0.842999817138636,0.4552975666682129,0.081985460800911
2026-09-08,TDY,1,2026-09-02,3,0.9680426098535286,0.9680851063829788,0.1631855883306059,0.2186176221151434,0.1077535545460685,0.0333333333333333,1.0,1.0,0.2448572268103917,1.0959701928350745
2026-09-08,TPL,1,2026-09-02,3,0.9747003994673769,0.9747003994673769,0.2104317917122611,0.2740047249449578,0.1468588584795643,0.0297856142452371,1.0,0.8935684273571144,0.4295314759275593,0.3173661865819771
2026-09-08,UTHR,1,2026-09-04 00:00:00,1,0.9587765957446808,0.9587765957446808,0.2352502327393266,0.2692047060418157,0.2012957594368376,0.0333333333333333,1.0,1.0,0.2236380490269705,0.2745878940554753
2026-09-08,WLK,1,2026-09-08 00:00:00,0,0.9674202127659576,0.9674202127659576,0.2624842325418053,0.2876825354428971,0.2372859296407134,0.0317304019132265,1.0,0.9519120573967954,0.4032050675926878,0.6414776269888598
2026-09-08,YUMC,1,2026-09-02,3,0.9647137150466044,0.97196261682243,0.2267812292448123,0.3071524843339401,0.1464099741556845,0.0333333333333333,1.0,1.0,0.2588723274988164,0.2848501843931672
2026-09-09,BF-B,1,2026-09-02,4,1.0,0.9993351063829788,0.2814574231453411,0.3876447491945144,0.1752700970961679,0.0333333333333333,1.0,1.0,0.3621424468004735,0.0166593226265695
2026-09-09,BN,1,2026-09-04 00:00:00,2,0.9667553191489362,0.9840425531914894,0.352175015497049,0.3476671548374802,0.3566828761566177,0.0333333333333333,1.0,1.0,0.2250970660643606,1.4517585649450575
2026-09-09,BSY,1,2026-09-08 00:00:00,1,0.9860372340425532,0.9860372340425532,0.3586453067220693,0.3498608378886939,0.3674297755554447,0.0301246887589921,1.0,0.9037406627697644,0.426702102205127,0.4958501352463124
2026-09-09,CCK,1,2026-09-08 00:00:00,1,0.9654255319148936,0.9654255319148936,0.3060357500585774,0.3090847089762613,0.3029867911408935,0.0333333333333333,1.0,1.0,0.2501410798115635,0.467987514785475
2026-09-09,CSGP,1,2026-09-02,4,0.978029294274301,0.9680851063829788,0.3194796645514458,0.3494453853086672,0.2895139437942244,0.0256100806086152,1.0,0.7683024182584572,0.501922200799826,0.256750706639244
2026-09-09,CVCO,1,2026-09-03 00:00:00,3,0.972630173564753,0.9773936170212766,0.3369532953159734,0.3626068852655995,0.3112997053663474,0.0333333333333333,1.0,1.0,0.3417672977906787,1.202281114564614
2026-09-09,EVRG,1,2026-09-04 00:00:00,2,0.9700797872340424,0.9700797872340424,0.2009300262785446,0.2437388755843154,0.1581211769727738,0.0333333333333333,1.0,1.0,0.1614401880835308,-0.0456868734437975
2026-09-09,FRPT,1,2026-09-03 00:00:00,3,0.9686248331108144,0.9700797872340424,0.3163643067619116,0.306734456756719,0.3259941567671042,0.0233121831159355,1.0,0.6993654934780654,0.5513970080712995,0.4454722334450063
2026-09-09,ITW,1,2026-09-03 00:00:00,3,0.9686248331108144,0.9686248331108144,0.2755615726840236,0.2404893562396229,0.3106337891284242,0.0333333333333333,1.0,1.0,0.2279870913136309,0.5001653517489523
2026-09-09,KVUE,1,2026-09-04 00:00:00,2,0.9680851063829788,0.9747340425531916,0.429362526709704,0.277188763253397,0.581536290166011,0.0333333333333333,1.0,1.0,0.2204594862009655,0.1098308356540947
2026-09-09,LNT,1,2026-09-04 00:00:00,2,0.976063829787234,0.9714095744680852,0.2446137463717194,0.2400624773890438,0.249165015354395,0.0333333333333333,1.0,1.0,0.1798520564068486,-0.0985618109376057
2026-09-09,MGM,1,2026-09-03 00:00:00,3,0.9779706275033376,0.9779706275033376,0.2661628530178695,0.2687461610187789,0.2635795450169602,0.0333333333333333,1.0,1.0,0.2194290465240992,0.8237660385708614
2026-09-09,MLI,1,2026-09-02,4,0.9760319573901464,0.9760319573901464,0.1642515266664538,0.2496374281458103,0.0788656251870973,0.0333333333333333,1.0,1.0,0.3499678658965576,0.5677810893237912
2026-09-09,MMYT,1,2026-09-08 00:00:00,1,0.992686170212766,0.992686170212766,0.3102186047283334,0.289365595782204,0.3310716136744628,0.0232938765888578,1.0,0.6988162976657364,0.5518303478900403,1.2269345357174082
2026-09-09,NE,1,2026-09-02,4,0.9793608521970706,0.9773936170212766,0.3566989212485491,0.4089562530137837,0.3044415894833145,0.0295076701863868,1.0,0.8852301055916068,0.4356246338847624,0.333171855606709
2026-09-09,PLD,1,2026-09-02,4,0.9673768308921438,0.9847074468085106,0.2679643694297355,0.31431634340125,0.2216123954582211,0.0333333333333333,1.0,1.0,0.2396559944534579,0.4352004289496884
2026-09-09,PSA,1,2026-09-03 00:00:00,3,0.9766355140186916,0.9827127659574468,0.2699576989624347,0.2716152092318476,0.2683001886930219,0.0333333333333333,1.0,1.0,0.2231311983761245,0.3801492596160262
2026-09-09,SFM,1,2026-09-02,4,0.9893475366178428,0.9893617021276596,0.3733307947440374,0.3701034906481142,0.3765580988399606,0.0277104614462548,1.0,0.8313138433876454,0.4638778046575764,0.1044626073707782
2026-09-09,TDY,1,2026-09-02,4,0.9680426098535286,0.988031914893617,0.4003277264850456,0.3254521055266327,0.4752033474434585,0.0333333333333333,1.0,1.0,0.2432598434936819,1.0986521523883557
2026-09-09,TPL,1,2026-09-02,4,0.9747003994673769,0.9747003994673769,0.1808193195013456,0.2716336783327704,0.0900049606699209,0.0290859372962552,1.0,0.8725781188876574,0.4419409933676804,0.2869462996302739
2026-09-09,UTHR,1,2026-09-04 00:00:00,2,0.9587765957446808,0.9674202127659576,0.3387071161518722,0.2691604136653924,0.4082538186383521,0.0333333333333333,1.0,1.0,0.2277674565779198,0.2779844728199294
2026-09-09,WLK,1,2026-09-08 00:00:00,1,0.9674202127659576,0.9674202127659576,0.2716192272055939,0.2921192605248496,0.2511191938863383,0.0319123410004634,1.0,0.9573702300139032,0.4027992813673692,0.6451749404979389
2026-09-09,YUMC,1,2026-09-02,4,0.9647137150466044,0.97196261682243,0.2176505969409857,0.2783736385949226,0.1569275552870488,0.0333333333333333,1.0,1.0,0.2578093009930923,0.2878376315526924
2026-09-09,ZIM,1,2026-09-09 00:00:00,0,0.9714095744680852,0.9714095744680852,0.3360119778128982,0.282941166109201,0.3890827895165953,0.0302130850201033,1.0,0.906392550603101,0.4254536739026834,0.9637413264149578
2026-09-10,BF-B,1,2026-09-02,5,1.0,0.9993351063829788,0.1726421794667985,0.3519505915672141,-0.0066662326336169,0.0333333333333333,1.0,1.0,0.3619771946661713,0.0244806157919917
2026-09-10,BN,1,2026-09-04 00:00:00,3,0.9667553191489362,0.9680851063829788,0.3097826775065223,0.3724672661805182,0.2470980888325264,0.0333333333333333,1.0,1.0,0.2188838094576461,1.4554142167353763
2026-09-10,BSY,1,2026-09-08 00:00:00,2,0.9860372340425532,0.964095744680851,0.3101169697003892,0.3085927589215246,0.3116411804792538,0.0297624211792637,1.0,0.892872635377913,0.4297104150677124,0.5017078610452701
2026-09-10,CCK,1,2026-09-08 00:00:00,2,0.9654255319148936,0.9654255319148936,0.2365014679090185,0.3620961687143926,0.1109067671036444,0.0333333333333333,1.0,1.0,0.241201873228109,0.4719940569452585
2026-09-10,CP,1,2026-09-10 00:00:00,0,0.96343085106383,0.96343085106383,0.301953437466351,0.334552423525652,0.26935445140705,0.0333333333333333,1.0,1.0,0.218028476563083,0.488801734224232
2026-09-10,CSGP,1,2026-09-02,5,0.978029294274301,0.9747340425531916,0.3128671384450047,0.3528025309709525,0.2729317459190568,0.0254284979451985,1.0,0.7628549383559556,0.5029484000951934,0.2645402882046883
2026-09-10,CVCO,1,2026-09-03 00:00:00,4,0.972630173564753,0.9773936170212766,0.2610209929478961,0.3772578248103833,0.1447841610854089,0.0333333333333333,1.0,1.0,0.3387419628594923,1.2060444399927095
2026-09-10,EVRG,1,2026-09-04 00:00:00,3,0.9700797872340424,0.9700797872340424,0.1254018463150484,0.2470061530069049,0.003797539623192,0.0333333333333333,1.0,1.0,0.1627381465883417,-0.0400160680245006
2026-09-10,FRPT,1,2026-09-03 00:00:00,4,0.9686248331108144,0.9700797872340424,0.2690950514801711,0.3310382058442845,0.2071518971160578,0.0232035242543044,1.0,0.6961057276291349,0.5511758566584546,0.4448007712543488
2026-09-10,ITW,1,2026-09-03 00:00:00,4,0.9686248331108144,0.9686248331108144,0.2654709042807032,0.2921665945239178,0.2387752140374885,0.0333333333333333,1.0,1.0,0.2288493148740096,0.5050253512790124
2026-09-10,KVUE,1,2026-09-04 00:00:00,3,0.9680851063829788,0.9747340425531916,0.3238719993868788,0.2547682856611827,0.3929757131125748,0.0333333333333333,1.0,1.0,0.2278099157636651,0.1222705430570972
2026-09-10,LH,1,2026-09-10 00:00:00,0,0.9640957446808512,0.9640957446808512,0.3020549077207821,0.3364069461632615,0.2677028692783028,0.0333333333333333,1.0,1.0,0.2320691044238572,0.283416612857392
2026-09-10,LNT,1,2026-09-04 00:00:00,3,0.976063829787234,0.9714095744680852,0.1533641195794619,0.1849401336271959,0.1217881055317279,0.0333333333333333,1.0,1.0,0.1798820584217213,-0.0937239891456915
2026-09-10,MGM,1,2026-09-03 00:00:00,4,0.9779706275033376,0.9779706275033376,0.2736373989394657,0.3252188765961804,0.2220559212827511,0.0333333333333333,1.0,1.0,0.2194297972034695,0.8247982366688944
2026-09-10,MLI,1,2026-09-02,5,0.9760319573901464,0.9760319573901464,0.2673053601845019,0.3023301900734456,0.2322805302955582,0.0333333333333333,1.0,1.0,0.3479861268515278,0.5661751741136831
2026-09-10,MMYT,1,2026-09-08 00:00:00,2,0.992686170212766,0.9860372340425532,0.3507606907925494,0.3560883721716096,0.3454330094134892,0.021975844072433,1.0,0.6592753221729921,0.5819672871816814,1.253904745225774
2026-09-10,NE,1,2026-09-02,5,0.9793608521970706,0.9773936170212768,0.3316644739343256,0.3978024760627221,0.2655264718059291,0.0297437545492835,1.0,0.8923126364785058,0.4299800933728986,0.331779333126551
2026-09-10,NLY,1,2026-09-10 00:00:00,0,0.9714095744680852,0.9714095744680852,0.3083511171905574,0.3453671397975164,0.2713350945835985,0.0333333333333333,1.0,1.0,0.1742022695308108,0.5820247813993784
2026-09-10,PFSI,1,2026-09-10 00:00:00,0,0.9900265957446808,0.9900265957446808,0.3629588706352769,0.3940495495479211,0.3318681917226326,0.0333333333333333,1.0,1.0,0.3555918560408419,0.7245567665772631
2026-09-10,PLD,1,2026-09-02,5,0.9673768308921438,0.9847074468085106,0.2509351182659937,0.3792015493960305,0.1226686871359567,0.0333333333333333,1.0,1.0,0.2331168027739532,0.4417018075693243
2026-09-10,PSA,1,2026-09-03 00:00:00,4,0.9766355140186916,0.9827127659574468,0.1884535119798557,0.2829764861491274,0.093930537810584,0.0333333333333333,1.0,1.0,0.2139745250349223,0.3883870192022963
2026-09-10,SFM,1,2026-09-02,5,0.9893475366178428,0.9893617021276596,0.2694461080651792,0.3539323777420284,0.1849598383883301,0.027315474813149,1.0,0.8194642443944714,0.4682042851477386,0.1160165645108322
2026-09-10,TDY,1,2026-09-02,5,0.9680426098535286,0.988031914893617,0.2748118459414708,0.331501737991644,0.2181219538912976,0.0333333333333333,1.0,1.0,0.24428209278787,1.1030078154976977
2026-09-10,TPL,1,2026-09-02,5,0.9747003994673769,0.9747003994673769,0.2316685989199995,0.2690897413546955,0.1942474564853036,0.0291921343031891,1.0,0.8757640290956754,0.4381050808252931,0.2910724803953793
2026-09-10,UTHR,1,2026-09-04 00:00:00,3,0.9587765957446808,0.9674202127659576,0.2035592053045117,0.2391003249124259,0.1680180856965976,0.0333333333333333,1.0,1.0,0.2284896532823935,0.2737432100984203
2026-09-10,WLK,1,2026-09-08 00:00:00,2,0.9674202127659576,0.9674202127659576,0.2808291782321848,0.2872317126316375,0.2744266438327321,0.0312603542465501,1.0,0.9378106273965042,0.4091195594743752,0.6583130484103442
2026-09-10,YUMC,1,2026-09-02,5,0.9647137150466044,0.9980053191489362,0.5018997688674272,0.5119834207703002,0.4918161169645541,0.0333333333333333,1.0,1.0,0.2319421616565071,0.5129381075199143
2026-09-10,ZIM,1,2026-09-09 00:00:00,1,0.9714095744680852,0.9714095744680852,0.2289756375420137,0.3388967378020117,0.1190545372820157,0.0298424650929116,1.0,0.8952739527873481,0.4285578392583693,0.9723794618437572
